subject,start_s,end_s,label,stress,eda_mean,eda_std,eda_min,eda_max,eda_slope,temp_mean,temp_std,temp_min,temp_max,temp_slope,bvp_mean,bvp_std,bvp_min,bvp_max,acc_mean,acc_std,acc_min,acc_max
S2,330,390,1,0,1.1124327749999998,0.14084270804648014,0.83192,1.436807,-0.006514623698328088,35.759,0.05150080905513361,35.66,35.87,-0.0027878261775375482,-0.020908854166666244,98.1211438779572,-392.28,554.77,63.62897154676463,5.437794120874489,28.61817604250837,127.28707711311466
S2,360,420,1,0,0.8888389958333333,0.1520557148490452,0.679441,1.19848,-0.008576576348547723,35.71,0.02633122354417567,35.66,35.77,-0.0005394538099613552,0.17571875000000006,44.970133207868074,-345.19,209.89,63.297967692142976,2.231543422034227,33.67491648096547,82.10359310042405
S2,390,450,1,0,0.7013574958333333,0.07683822302522997,0.570528,0.843452,-0.004389815967291107,35.727666666666664,0.03257640591321038,35.66,35.79,0.0015650271706105468,-0.2819270833333332,40.34778820268652,-289.26,194.12,63.45555373721148,1.4167862355345469,53.72150407425317,75.0
S2,420,480,1,0,0.5811205666666666,0.06898680719918282,0.474428,0.720444,-0.003849565950797759,35.784666666666666,0.03989430480100647,35.71,35.87,0.002153370718241587,-0.9174947916666666,73.25475518286177,-400.17,363.29,63.59910928696878,4.0584487476786775,36.345563690772494,107.46627377926528
S2,450,510,1,0,0.5134395583333333,0.023343105147914604,0.474428,0.569247,-0.0007216269588013749,35.831833333333336,0.023698921681985476,35.79,35.89,0.0008164030625524661,-0.00932031250000011,92.3729390496949,-670.2,363.29,63.80715133325824,5.167359616027235,36.345563690772494,110.7158525234756
S2,480,540,1,0,0.5053095541666667,0.01522074683686927,0.468022,0.567966,8.229032969322196e-05,35.82083333333334,0.029904941992178146,35.77,35.89,-0.0014808590426920116,0.9167890624999998,67.50657990288555,-670.2,303.72,63.64744841458957,3.4845967455111793,42.02380277890139,110.7158525234756
S2,510,570,1,0,0.4807802458333334,0.031864951038621296,0.420543,0.539707,-0.001529386126495246,35.794000000000004,0.015405626677721523,35.77,35.83,-0.00011222417055880326,-0.01861197916666665,25.716486981754976,-182.86,139.13,63.348896613039905,1.1590252702369575,54.30469592954186,73.43704787094863
S2,540,600,1,0,0.423260925,0.037718191607446425,0.368009,0.493579,-0.0021646189551901935,35.81833333333334,0.03302356061292519,35.77,35.89,0.0017316967308457789,-0.1345312500000001,20.520690450155588,-152.01,91.48,63.36475438952607,1.0758161189083715,51.42956348249516,77.98717843338096
S2,570,630,1,0,0.3761667541666667,0.02143204691096333,0.337257,0.420543,-0.00112801029358149,35.86933333333333,0.030868898407439425,35.81,35.91,0.0014600253476622703,0.14408072916666612,69.56133930177756,-596.97,368.75,63.47672508479666,3.6684405191415737,39.63584236521283,103.01456207740729
S2,600,660,1,0,0.3454735583333334,0.022445003090441548,0.297536,0.389792,-0.0011655376204447979,35.87649999999999,0.02554897258208204,35.83,35.91,-0.0012025208770983357,-0.12666666666666782,98.0527609819354,-596.97,421.48,63.45329527449969,4.756809379597119,39.63584236521283,103.01456207740729
S2,630,690,1,0,0.3054906416666667,0.028565328971002543,0.257814,0.364165,-0.0015607298841993785,35.83016666666667,0.03551955642866135,35.77,35.91,-0.0018730880744459014,0.07414583333333263,89.12425522391935,-449.14,421.48,63.38029410833733,4.235549697578964,42.485291572496,94.4986772394196
S2,660,720,1,0,0.26213349583333334,0.02296088714731313,0.2245,0.314193,-0.001251377258285735,35.781,0.025409971795864815,35.75,35.83,-0.0012227990069271684,0.5626666666666669,82.33812224489925,-727.64,595.6,63.403502057018486,3.3422936593981056,42.871902220452036,87.46999485537883
S2,690,750,1,0,0.2272492541666667,0.018896817539105167,0.196311,0.260377,-0.0010578696522509062,35.76533333333334,0.01564892612574069,35.75,35.79,0.0003711175541243805,-0.22684895833333346,77.20485271657219,-727.64,595.6,63.40620732950986,2.2727454954766717,47.3392015141785,86.81589716175259
S2,720,780,1,0,0.19854221666666666,0.015963543051373513,0.173247,0.247564,-0.0008974652650219626,35.800666666666665,0.035817438335102605,35.75,35.87,0.001932255768329059,-0.3535312500000003,46.48027579745366,-335.37,351.65,63.37223727033771,1.3741139637427016,47.3392015141785,80.58535847162312
S2,750,810,1,0,0.1792368875,0.008885279047381898,0.162996,0.197592,-0.0004090889998090236,35.86766666666666,0.04047083998249525,35.79,35.93,0.002125036893001592,0.6854609374999999,70.09705464788354,-409.52,402.66,63.38956947918153,2.7288928604870537,44.57577817604534,84.17838202293983
S2,780,840,1,0,0.16474717916666665,0.010025890286174056,0.14762,0.192467,-0.0004899095036372145,35.90099999999999,0.014798648586947948,35.87,35.93,-0.00017166964704244187,0.0017708333333333807,72.22904308654161,-409.52,402.66,63.3740885477646,2.7665985264865762,44.57577817604534,84.17838202293983
S2,810,870,1,0,0.1518911125,0.005832847796446468,0.141213,0.164277,-0.00028110727095956414,35.90566666666667,0.01865177977805028,35.87,35.95,0.00046389694265565464,-0.7135286458333332,31.376799859093612,-242.2,380.05,63.2124437729748,1.178794475371129,52.3354564325181,78.33262411026456
S2,840,900,1,0,0.14463552916666667,0.004672152586422663,0.127119,0.164277,-0.00018175445233424383,35.913333333333334,0.017575235101952483,35.89,35.95,4.333408566111564e-05,-0.15470572916666664,28.26191981781147,-116.17,380.05,63.07150146435922,1.2720042051814715,52.3354564325181,78.33262411026456
S2,870,930,1,0,0.13422468750000002,0.008514467655986705,0.120712,0.14762,-0.00046712302470528925,35.90833333333333,0.015184055965240154,35.89,35.95,-0.0003883400753484398,0.08410677083333332,37.9480988164819,-314.16,225.36,63.2220100075764,1.8459845436089348,48.518037882832814,81.67006795638167
S2,900,960,1,0,0.12184382083333332,0.005613731580276999,0.110461,0.133525,-0.0003085217677390227,35.8945,0.018113070786956946,35.84,35.93,-0.000583065678223588,-0.10170312499999994,43.35171797544224,-314.16,225.36,63.41640752491732,1.8369433307202407,48.518037882832814,81.67006795638167
S2,930,990,1,0,0.11276237916666668,0.005204153228630569,0.101492,0.125837,-0.0002840059532283546,35.886833333333335,0.016682492486302814,35.84,35.93,4.416743346236314e-05,-0.030273437499999882,35.67406710563745,-182.35,204.13,63.43203926979636,0.9176159736045617,56.68333088307355,70.178344238091
S2,960,1020,1,0,0.10442305000000002,0.004714557088334669,0.096367,0.114305,-0.00025992973141894917,35.898666666666664,0.018024674446127438,35.87,35.93,0.0007866803243114297,0.26253125000000005,27.38319305190272,-182.35,204.13,63.4306541174809,0.6700695698989448,56.95612346359257,70.178344238091
S2,990,1050,1,0,0.09912691250000001,0.004974467504652509,0.091241,0.113024,-4.4604290005036094e-05,35.91700000000001,0.01666333299993401,35.89,35.97,0.0005816767652218935,0.0065859374999999686,22.960102573663203,-230.28,181.44,63.394098821583036,1.0785335411409194,54.653453687758834,88.41945487278238
S2,1020,1080,1,0,0.10569370833333333,0.009122146269195492,0.091241,0.116868,0.0004487623917081894,35.928000000000004,0.01777638883463289,35.89,35.97,3.666730325152356e-05,0.03411197916666663,23.42825798766137,-230.28,181.44,63.19827983323964,1.0749656364446236,54.653453687758834,88.41945487278238
S2,1050,1110,1,0,0.11428928333333334,0.0014396483753758144,0.110461,0.118149,4.6109283147276555e-05,35.893,0.045140521338002566,35.81,35.97,-0.002507821316342336,-0.051098958333333354,19.626275965436164,-78.59,87.06,63.00531808890006,0.38214964327576034,61.59545437773797,64.56779382943171
S2,1080,1140,1,0,0.11530908750000002,0.0012120919333300372,0.111743,0.118149,1.895142103161594e-05,35.809333333333335,0.05240441033178626,35.73,35.91,-0.0029428288685569167,0.020757812499999993,21.78102319522498,-60.03,36.42,63.02669048461652,0.3782292818944435,62.20128616033595,64.29618962271404
S2,1110,1170,1,0,0.11100060416666667,0.006421889959802797,0.098929,0.118149,-0.00030999060573968265,35.721999999999994,0.049558046773456786,35.65,35.81,-0.002730047396656478,0.06995572916666673,25.544831149600142,-171.28,101.42,63.11404972081804,0.7202854791269995,54.42425929675111,71.18286310622803
S2,1140,1200,1,0,0.10409738333333333,0.006613506994128674,0.092523,0.129681,-0.00015165677181895587,35.67399999999999,0.023395156193822767,35.65,35.73,-0.00046111911665110616,-0.3320364583333333,35.414638350527746,-225.29,212.29,63.18425631604382,1.9349482219971328,47.18050444834179,80.2869852466762
S2,1170,1230,1,0,0.10209532916666668,0.007198014336432141,0.091241,0.129681,1.2441066685180874e-06,35.68416666666666,0.023187041400078386,35.65,35.73,0.0008852931474504126,-0.06193489583333325,47.42619712545188,-261.35,444.13,63.31720100125702,2.925600912590309,36.359317925395686,88.11356308764276
S2,1200,1260,1,0,0.10042958750000001,0.006198268571464972,0.091241,0.129681,-0.00013419430719283405,35.68366666666666,0.02462834861608894,35.63,35.73,-0.0011416864876126406,0.33202604166666677,40.110104195219996,-261.35,444.13,63.4315880856673,2.487214726736688,36.359317925395686,88.11356308764276
S2,1230,1290,1,0,0.0973169875,0.0021694740289627226,0.092523,0.101492,-5.9794098855882814e-05,35.64383333333333,0.02910278718992711,35.59,35.71,-0.0015197486067469494,0.0329713541666667,17.813341100001782,-65.1,62.53,63.429922360095574,1.0303475427805096,54.53439281774392,70.78135347674555
S2,1260,1320,1,0,0.09431653333333334,0.005816575177790526,0.075865,0.10918,-0.00014668449105019175,35.62183333333334,0.015967849643023918,35.59,35.66,2.6389347037214362e-05,0.30294531250000006,45.31193627577075,-210.62,327.42,63.39759872531202,1.9165389893368026,43.09292285283048,79.81854421122951
S2,1290,1350,1,0,0.09516543333333335,0.009193115764194907,0.074584,0.10918,0.0002016518307609493,35.65983333333334,0.04503671341867066,35.59,35.73,0.0023514297123212037,-0.07365624999999962,58.37835233608075,-404.55,327.42,63.29297065730719,3.2689942958936666,33.97057550292606,111.65124271587845
S2,1320,1380,1,0,0.10903585833333335,0.014556417014668498,0.074584,0.130963,0.0007554225385857398,35.6875,0.030145480589965884,35.63,35.73,-0.0003369502942760353,-0.28816927083333294,42.85295623927602,-404.55,259.43,63.110237791273,2.680751311786655,33.97057550292606,111.65124271587845
S2,1350,1410,1,0,0.12103229166666667,0.006401827761657646,0.101492,0.130963,0.0001307398357610363,35.64533333333333,0.042168972268981565,35.57,35.73,-0.0023039288876541344,-0.11722395833333325,43.575724515298376,-306.06,233.82,63.09220958492384,2.0119865039421656,47.138094997570704,92.92470069900683
S2,1380,1440,1,0,0.11980966250000001,0.014011903717265798,0.077147,0.155308,9.616228927585535e-05,35.57333333333333,0.045631373223060274,35.5,35.68,-0.0024617094046770626,0.8342109374999993,136.88754697953826,-668.24,464.19,63.36976925362589,5.062829305392933,32.03123475609393,97.84681905918046
S2,2280,2340,2,1,0.7121424416666665,0.03732589858592285,0.626838,0.769065,-0.002029067320613214,34.06516666666667,0.02355784842090363,34.0,34.11,-0.0009597388843555535,0.34930989583333333,126.61448927160008,-762.88,450.12,63.084441714879254,2.570988983900132,47.031904065219386,75.53806987208503
S2,2310,2370,2,1,0.6506010666666666,0.04096541623150625,0.587116,0.73447,-0.0020887643084081336,34.01833333333334,0.03929235153167664,33.95,34.07,-0.0021300369798086657,-0.20361197916666657,92.75961760137093,-762.88,306.62,62.924589486554254,1.8819859940924188,53.376024580330075,78.19207120929845
S2,2340,2400,2,1,0.6107142291666666,0.020508702113817834,0.579428,0.66784,-0.0005152827427559478,33.95616666666667,0.038170305503392114,33.87,34.03,-0.0020853139811455946,-0.5170781249999998,82.61098874332728,-731.27,306.62,62.99267687371056,2.659349441302972,46.82947789587238,80.2122185206219
S2,2370,2430,2,1,0.6053753291666666,0.014550974339512435,0.579428,0.64862,2.464954252675461e-06,33.89666666666667,0.03645392830531289,33.83,33.97,-0.001901699682286069,-0.5074531250000001,66.16150754477079,-464.57,299.26,62.96924954443504,2.457909710302892,46.82947789587238,80.2122185206219
S2,2400,2460,2,1,0.5937686875000001,0.020205264494841696,0.546114,0.64862,-0.0010192432976267015,33.84450000000001,0.03584340943604511,33.77,33.89,-0.0017147519922218065,-0.0646536458333333,78.95014320221891,-464.57,358.01,63.14499748388728,3.900176418215296,40.4103947023535,100.93066927351666
S2,2430,2490,2,1,0.614787925,0.04897489169567104,0.546114,0.722938,0.002068986249761281,33.79216666666667,0.03937391973826786,33.73,33.89,-0.0020325352870708764,0.723104166666667,91.27133438156382,-545.31,358.01,63.231808013013605,4.432058540383782,40.4103947023535,100.93066927351666
S2,2460,2520,2,1,0.6764626625000001,0.04689767292821603,0.552521,0.757534,0.0021290165402177096,33.719833333333334,0.04964848660555829,33.63,33.79,-0.002707547006024458,0.03970052083333352,96.50701871139402,-545.31,314.1,63.2088267528567,3.7828356463567077,38.65229618017538,93.6269192059634
S2,2490,2550,2,1,0.7251426083333334,0.03618373496436759,0.643495,0.831851,0.0016406794284622955,33.63783333333334,0.04740223857817368,33.57,33.73,-0.0026064341394817494,-0.32148177083333335,97.70403297964033,-649.86,575.34,63.31069935215793,5.666158093511838,8.306623862918075,145.9931505242626
S2,2520,2580,2,1,0.809875975,0.0782469279989064,0.71525,0.995861,0.003888218323234779,33.57050000000001,0.039175885439898264,33.49,33.65,-0.002048646677893428,0.10650520833333328,82.0890752366178,-649.86,575.34,63.044833403767285,5.041548398844857,8.306623862918075,145.9931505242626
S2,2550,2610,2,1,0.91278005,0.06510164441431185,0.721656,1.058715,0.0025791994444347996,33.50466666666667,0.0475558151602468,33.41,33.59,-0.002577822531641441,-0.14405989583333334,57.046079274342226,-579.93,332.32,62.80197855672682,1.6466600621936882,47.07440918375928,85.58621384311844
S2,2580,2640,2,1,0.9784827708333333,0.060514010066071884,0.897268,1.159941,0.0017186875831177585,33.4305,0.04298933976386946,33.37,33.5,-0.002351985277522305,-0.12838802083333317,32.56757472980958,-260.26,96.8,62.72614030402953,0.7786671684367336,58.008620049092706,67.96322535018479
S2,2610,2670,2,1,1.0285987708333333,0.06259384469193689,0.897268,1.159941,0.001809544924391046,33.367333333333335,0.03340991203553449,33.29,33.43,-0.00177725307731026,0.23034635416666718,49.90687288339984,-342.26,222.31,62.766682804737165,1.0590820032044868,52.20153254455275,71.04927867332644
S2,2640,2700,2,1,1.0239272666666668,0.048565110875200886,0.94724,1.152253,-0.001485304928905007,33.309,0.03944194045260268,33.23,33.39,-0.002136703762218264,0.04995312500000022,52.932383108152415,-342.26,222.31,62.79055384944017,1.0937766136435731,52.20153254455275,71.04927867332644
S2,2670,2730,2,1,1.0100835875,0.03350053586089846,0.94724,1.102281,0.0009891040070140117,33.2095,0.07497610730537237,33.07,33.33,-0.004241462525391105,-0.11858854166666676,37.41490944932963,-201.46,208.57,62.72610309902424,0.5841218570766336,59.20304046246274,65.34523701081817
S2,2700,2760,2,1,1.0258172541666668,0.02066152728296158,0.981836,1.107406,0.00012063600930571016,33.07683333333333,0.07374486799469847,32.97,33.21,-0.004195906178926501,0.15459635416666673,25.925493252973737,-151.26,139.7,62.7379437271619,0.5390000502161763,60.44832503882965,64.93843238021688
S2,2730,2790,2,1,1.0546098083333333,0.04011737659632789,0.997212,1.183004,0.001527698807270951,32.95766666666667,0.06502221842485062,32.83,33.09,-0.0036733971075886525,0.029765625000000084,33.08568420589412,-205.11,100.56,62.7750584550376,1.1100180779059792,53.48831648126533,80.47359815492284
S2,2760,2820,2,1,1.0856446791666667,0.030799324350428526,1.035651,1.183004,1.6878020451744475e-05,32.8495,0.0627541499291738,32.75,32.97,-0.0035314501987884607,-0.14879947916666653,43.826476541980774,-205.11,149.47,62.76132110380201,1.121480779500876,53.48831648126533,80.47359815492284
S2,2790,2850,2,1,1.1105932791666666,0.0324179808569704,1.058715,1.184286,0.0008033317088838373,32.74549999999999,0.05931343299231175,32.65,32.84,-0.0033103352488760055,-0.05087239583333325,43.89338732934762,-167.49,172.07,62.74957159776485,0.5895034325456512,60.40695324215582,64.85368146836385
S2,2820,2880,2,1,1.1488623999999998,0.03674305365414893,1.093311,1.25604,0.0007376651816871922,32.65783333333333,0.04778743442463479,32.59,32.75,-0.002578655879442562,-0.019104166666666523,38.543751473293085,-167.49,172.07,62.740518734767164,0.5191304193844624,60.4979338490167,64.85368146836385
S2,4770,4830,3,0,0.2052210958333333,0.01979370217884928,0.160433,0.236032,0.0006610007691105752,34.37766666666666,0.024924329925238672,34.33,34.43,-0.0010811298807270671,-0.1300494791666669,30.26793212678935,-126.1,252.96,63.18835272534137,1.0941590490008652,51.93264869039514,80.2745289615579
S2,4800,4860,3,0,0.2046765875,0.014242708088726562,0.173247,0.236032,-0.0006858404711887348,34.3385,0.030758467668810612,34.27,34.41,-0.0014991926943174383,-0.05896354166666685,28.7871751577186,-115.07,133.41,63.2169968243941,1.6420135011255588,44.93328387732194,80.2122185206219
S2,4830,4890,3,0,0.19990899583333335,0.011178591862908432,0.173247,0.242438,0.00020762707512283154,34.286500000000004,0.036870268057972076,34.21,34.34,-0.0019475338113513335,0.06746614583333349,55.383872937185345,-557.03,274.22,63.151341738437644,1.9865996833106454,44.93328387732194,80.2122185206219
S2,4860,4920,3,0,0.20619280416666666,0.012085419076273245,0.187341,0.245001,2.3613942950397377e-05,34.23283333333334,0.033719018701947434,34.16,34.31,-0.0016180836472856975,0.026046875000000285,53.41512126922615,-557.03,274.22,63.142919287655396,1.4503498426140613,47.843494855622744,76.42643521714199
S2,4890,4950,3,0,0.19686050416666667,0.014406743023956383,0.171965,0.245001,-0.00046594596260351567,34.18733333333333,0.029881246441353704,34.15,34.25,-0.0014122467403948587,0.007710937499999989,25.53035339092276,-143.47,103.2,63.11442629841302,1.0500125501747137,54.92722457943783,76.909037180295
S2,4920,4980,3,0,0.18029399166666668,0.011224169064267693,0.157871,0.20528,-0.0005651757218007255,34.150999999999996,0.021031722072462546,34.11,34.21,-0.0010044618830188925,0.05266927083333336,24.53719791342731,-143.21,116.77,63.04203162776236,0.8866241655165353,57.043842787806646,76.909037180295
S2,4950,5010,3,0,0.16094052083333335,0.014742150088817869,0.137369,0.20528,-0.0008315392055417659,34.11716666666667,0.025238308624433922,34.07,34.16,-0.0012002986162952462,-0.07637239583333323,19.998294361954045,-108.56,116.77,63.029789810947975,0.4663382760606836,57.043842787806646,67.45368781616021
S2,4980,5040,3,0,0.18465047083333333,0.06557314523129228,0.129681,0.361602,0.002540624189656071,34.08533333333334,0.024864074931962167,34.03,34.13,-0.0010233510998454564,-0.059830729166666624,56.73144428143713,-640.66,408.55,63.38408328636738,2.4655261670033024,41.31585652022719,97.23168207945392
S2,5010,5070,3,0,0.23036719583333334,0.0560217828582402,0.129681,0.361602,0.0013426055539158674,34.053000000000004,0.029737742572921774,34.0,34.13,-0.0011372419660068969,0.0909427083333334,66.71866320678858,-640.66,408.55,63.65920417161251,2.512778854234122,41.31585652022719,97.23168207945392
S2,5040,5100,3,0,0.24637845833333336,0.014612442379353649,0.2245,0.297536,0.0004104502925398018,34.067666666666675,0.03822593651203641,34.0,34.13,0.0018894772478688499,-0.014549479166666846,62.46607927636898,-484.97,274.9,63.52004910266366,0.846394014942564,56.74504383644443,71.70774016799024
S3,360,420,1,0,6.009887879166667,0.36127406867402095,5.416864,7.186026,-0.019182777980520517,32.59583333333334,0.039424682060298144,32.53,32.66,-0.002069480372923504,-0.3204010416666667,24.16028935170098,-163.71,132.66,64.20607264279472,2.248269324354614,48.76474136094644,84.19619943916709
S3,390,450,1,0,5.424180408333333,0.39432410630658027,4.599755,6.02964,-0.02212126444903559,32.57283333333334,0.027361266215015206,32.53,32.63,0.0005632042222954241,0.15948697916666665,36.42203131808779,-283.57,178.35,64.03879963893294,2.833919395102051,38.3275357934736,96.29641737884126
S3,420,480,1,0,4.906224575,0.2966887675720738,4.379379,5.492458,-0.015407035118665254,32.61266666666667,0.04034710508684431,32.53,32.71,0.002131564784110452,0.11800520833333335,51.060532423638016,-283.57,345.41,64.21905496944002,3.7030336210610715,38.3275357934736,96.29641737884126
S3,450,510,1,0,4.4212963458333325,0.3272103968068194,3.885672,4.9521,-0.018447847578951,32.65416666666666,0.026664062372830925,32.61,32.71,0.0007664021944822319,-0.1197057291666667,41.881716248609365,-240.18,345.41,64.40368654606479,2.4764627212147383,45.28796749689701,85.81375181169973
S3,480,540,1,0,3.823543004166667,0.3577838270516092,3.243844,4.400449,-0.020470802015659945,32.696666666666665,0.049046463231874636,32.63,32.81,0.002036146460876317,-0.0773984375000001,21.71742598788273,-109.07,120.1,64.66801153682067,0.8135266069988275,57.52390807307862,83.3606621854697
S3,510,570,1,0,3.2673568875,0.2881222484404548,2.784716,3.911298,-0.01651660318234691,32.7735,0.06009229013220747,32.63,32.84,0.0030640809736276597,0.007721354166666683,16.82742290907607,-157.94,80.39,64.91615548725176,0.8705520786375409,55.812185049503306,75.76938695805846
S3,540,600,1,0,2.827487475,0.22493589251790028,2.477215,3.238719,-0.012828825340717708,32.787,0.039719852299154854,32.71,32.84,-0.0019817010711994385,-0.05257812499999993,19.1326868884645,-157.94,80.39,64.83357001851286,1.5165306858935461,51.01960407529639,82.80700453464067
S3,570,630,1,0,2.5057196666666663,0.14749409061254698,2.28078,2.820591,-0.008190255063455984,32.71541666666666,0.04516443721435023,32.65,32.79,-0.0024446952204030038,0.17124739583333334,22.75911277381645,-85.1,114.32,64.48135998609168,1.7587714018758072,51.01960407529639,82.80700453464067
S3,600,660,1,0,2.3144995041666667,0.09429358393770307,2.056561,2.553688,-0.004755557792670011,32.73341666666666,0.06942016797892651,32.65,32.87,0.0033902671921386303,0.0008906250000002262,32.59331873937311,-117.7,116.69,64.15922393380804,1.9810889374637484,49.8998997994986,82.93370846646133
S3,630,690,1,0,2.1599688541666664,0.10608472165675524,1.987373,2.396093,-0.0048067838625670475,32.80758333333333,0.04254401315761817,32.66,32.87,0.0014856507925485663,-0.18088020833333315,33.05166185396079,-161.73,146.34,64.09890736044558,2.253208866708977,42.20189569201838,86.6083136886985
S3,660,720,1,0,2.0677506083333332,0.034061542551753754,1.987373,2.187249,1.7612725915388767e-05,32.83500000000001,0.01784189825476285,32.79,32.87,0.00043389642181305255,0.03681770833333323,36.27418143930707,-161.73,185.1,64.52322541077477,2.055923172287345,40.311288741492746,86.6083136886985
S3,690,750,1,0,2.0094053125,0.07871847708277588,1.834109,2.179561,-0.003917905218840613,32.834833333333336,0.01888488519660307,32.79,32.87,-0.0006004270907481457,-0.11640364583333344,40.43667325028867,-152.58,185.1,64.90620386783011,1.6346863514675776,40.311288741492746,83.15046602394962
S3,720,780,1,0,1.8506980125,0.1255733598763913,1.656014,2.057842,-0.007085776959669439,32.82533333333333,0.014772346537440584,32.79,32.84,3.8333998854442667e-05,-0.037632812499999994,28.365359317557242,-127.18,124.46,64.82754212564141,1.1411756868194436,57.62811813689564,83.15046602394962
S3,750,810,1,0,1.6658750625,0.10302597523905607,1.421545,1.880234,-0.005663182709769271,32.83791666666667,0.020161672935437018,32.79,32.89,0.0008291116165210444,0.25734114583333334,38.50610908969341,-376.37,197.15,64.77145496827589,1.2274110799873523,51.39066063011839,80.01874780324921
S3,780,840,1,0,1.4757334458333333,0.1208266880392341,1.30347,1.657296,-0.0067100039393045,32.83891666666667,0.018429859528010527,32.81,32.89,-0.000577718363166109,-0.00793229166666638,68.7684451324364,-815.51,378.75,64.74268618084615,1.1817636206709243,51.39066063011839,80.01874780324921
S3,810,870,1,0,1.3234097791666666,0.059700638073128934,1.161251,1.47644,-0.003175477298216981,32.83825,0.023967425810878667,32.81,32.89,0.0007914720741677696,-0.03128906249999955,92.91598945771405,-815.51,597.3,64.81189314162025,1.2227305096374737,51.51698748956503,81.58431221748455
S3,840,900,1,0,1.2230662625,0.07069163806875317,1.097188,1.370095,-0.003845033585652536,32.93508333333333,0.10786562499497063,32.81,33.16,0.005900032986683858,0.026239583333333583,76.4338910436857,-564.25,597.3,64.83180263610126,1.4101094355690904,51.51698748956503,81.58431221748455
S3,870,930,1,0,1.1087517083333334,0.06682943937148206,0.95625,1.226595,-0.003697121106269209,33.12616666666667,0.12344488198742332,32.87,33.27,0.006851924512578604,-0.09998437499999986,37.69747327476789,-286.28,350.83,64.97384126651625,2.0770203594451018,52.124850119688595,92.76852914647294
S3,900,960,1,0,1.0192444125,0.044028196502268226,0.920276,1.097188,-0.0021080637528429484,33.25225,0.03297631725951312,33.16,33.29,0.0014287053594682238,0.14945833333333308,61.99012262607794,-346.01,596.91,65.04870373921857,4.136599369938167,37.57658845611187,115.34730165894649
S3,930,990,1,0,0.9614637750000001,0.0586359769869663,0.861339,1.097188,-0.0022206644038958996,33.26199999999999,0.020558858593479796,33.21,33.29,-0.0005669542874007682,-0.01802604166666697,57.75856631279674,-346.01,596.91,64.6198663628636,4.17525652852407,37.57658845611187,115.34730165894649
S3,960,1020,1,0,0.8807282875000001,0.0748393363405113,0.79087,1.025339,-0.0038807973836351398,33.2935,0.05210006397948728,33.21,33.41,0.0026840743762914306,-0.12073177083333334,19.152724535867037,-313.8,156.09,64.92755990877716,2.0743939176266895,43.749285708454714,86.37129152675674
S3,990,1050,1,0,0.7913607999999999,0.038991770450335625,0.728088,0.860057,-0.0022478581225368536,33.39033333333334,0.0603038602044315,33.29,33.47,0.0032606121634055772,0.04560156250000001,8.267383063039913,-45.74,37.84,65.41845842352635,0.7222545645560727,55.641710972974224,74.04728219185361
S3,1020,1080,1,0,0.7292520083333333,0.03222128094908597,0.662744,0.789588,-0.0018434948176183602,33.439,0.013127579111678302,33.41,33.47,-0.0001213909963712931,-0.1488489583333333,10.810658026057114,-59.96,56.43,65.2841546856343,1.0468111810822953,53.1224999411737,75.1065909225016
S3,1050,1110,1,0,0.6680774208333333,0.03643668934378368,0.608932,0.728088,-0.002073775369364055,33.406,0.043596635955847736,33.29,33.45,-0.002002256983628349,0.03318489583333335,16.643543131058266,-89.41,56.43,64.86374294335565,1.0219249213845774,53.1224999411737,75.1065909225016
S3,1080,1140,1,0,0.6091931583333334,0.030677109493751156,0.555119,0.685807,-0.0017185997847184865,33.31516666666667,0.07333693172989673,33.18,33.45,-0.004081459747564893,-0.03636979166666675,20.89672929199298,-89.41,99.7,64.33610945892605,1.979956570842172,35.14256678161116,85.65628990331066
S3,1110,1170,1,0,0.5900438083333335,0.01601870997578344,0.555119,0.649932,9.09819163527219e-05,33.23166666666667,0.03194613522095589,33.16,33.31,-0.0015283598673589524,-0.15390364583333352,26.03899597730951,-124.93,183.76,63.36368124945612,2.3482357243946317,35.14256678161116,85.65628990331066
S3,1140,1200,1,0,0.5885756666666667,0.012918925921126558,0.561525,0.649932,-0.0005537656591260287,33.19258333333333,0.02653600803101799,33.15,33.25,-0.0011988402576434242,0.2070911458333332,25.413966840598217,-124.93,183.76,62.488210255623734,1.1400090857651697,53.72150407425317,81.59044061653302
S3,1170,1230,1,0,0.5621123833333334,0.025986036279504465,0.480806,0.593557,-0.0013110806993176973,33.16833333333333,0.015238839267551088,33.15,33.21,-0.0004057014878731404,0.1083307291666667,34.54759737937638,-323.02,339.8,62.68032034521405,1.9750642828387692,49.457052075512955,84.01785524517987
S3,1200,1260,1,0,0.5183756666666667,0.032959795304869366,0.469275,0.569213,-0.0017180495355822185,33.16766666666667,0.011599808427537968,33.15,33.18,0.00029667181721938237,-0.04033072916666664,35.547535882427816,-323.02,339.8,63.66176962014006,2.0915069524654593,49.457052075512955,84.01785524517987
S3,1230,1290,1,0,0.47273922083333336,0.024474840543513236,0.432049,0.537112,-0.001324380140280215,33.16941666666666,0.012130940698159112,33.15,33.21,-0.00013840518064506485,0.01644010416666659,18.016874561581613,-188.7,157.11,64.42196701714988,0.3524601271797947,62.48199740725323,67.72001181334805
S3,1260,1320,1,0,0.43512981249999994,0.01980944212959257,0.406424,0.470487,-0.0011340762877827715,33.15691666666666,0.015534683417722656,33.13,33.21,-0.000546606711921872,-0.03947395833333336,8.70514215159811,-57.41,39.08,64.5211268176884,0.32230680379328136,63.03967004989794,66.85805860178712
S3,1290,1350,1,0,0.41209924583333335,0.00778159864586958,0.401299,0.430768,-0.0003916667633118637,33.14125,0.013201167877626607,33.11,33.18,-0.00042479904164994555,-0.051669270833333315,7.2511556693853905,-49.57,37.95,64.28196567209804,0.4549882759027398,62.96824596572466,65.58200972827838
S3,1320,1380,1,0,0.39953761666666665,0.007972409892543296,0.384643,0.411549,-0.0004242711123457041,33.137166666666666,0.011703513242705672,33.11,33.16,9.722391013745936e-05,0.022765625,7.10740879274238,-49.57,37.95,63.91346795746977,0.2783304082377876,62.96824596572466,65.31462317123173
S3,1350,1410,1,0,0.3854812583333333,0.008493271032603628,0.371831,0.401299,-0.0004858720706956724,33.138166666666656,0.012779106211137144,33.11,33.15,-2.236149933132036e-05,-0.016187500000000007,6.314023083272167,-18.19,12.8,64.02055768494195,0.3267038042122578,63.03967004989794,64.47480127925948
S3,1380,1440,1,0,0.3740247666666666,0.005489213283390942,0.36158,0.385924,-0.0002728308442854918,33.14533333333332,0.019405039437102815,33.11,33.21,0.0006595947846313385,-0.012343749999999964,14.893582747576865,-98.39,145.22,64.28836508220711,0.9535407997852783,55.44366510251645,73.00684899377592
S3,1410,1470,1,0,0.3690225458333333,0.002084321523797609,0.36158,0.376956,-4.398428965780824e-05,33.20116666666666,0.05096049668343377,33.13,33.29,0.002537266271983827,0.04698437500000009,15.654169073942866,-98.39,145.22,64.56217343219431,0.9761378204932455,55.44366510251645,73.00684899377592
S3,2250,2310,2,1,0.3874510833333334,0.0520728963737508,0.321862,0.538394,0.0026802414798868038,32.653666666666666,0.041551841782952036,32.57,32.73,-0.0022822618448235517,-0.0675911458333334,16.559453833225096,-78.47,103.58,65.53987080025416,8.303571148567675,21.77154105707724,122.33560397529412
S3,2280,2340,2,1,0.5555308708333333,0.1693168797610095,0.338518,1.057301,0.008972239887845275,32.584666666666664,0.04398737192523424,32.5,32.66,-0.0023744856681538686,-0.0005026041666666019,15.420803368964409,-78.45,89.16,65.29529999529228,7.604915254280198,28.74021572639983,122.33560397529412
S3,2310,2370,2,1,1.3905732958333334,0.8516798197495836,0.498675,3.161404,0.045497262631295665,32.53975,0.02580253540513656,32.49,32.59,-0.0009167520269449881,0.10888541666666676,16.72754780536049,-87.5,71.32,65.06311683360654,6.68905315146565,22.22611077089287,121.61003248087717
S3,2340,2400,2,1,2.7464396625,0.8532661880012241,0.956151,4.330267,0.042794043242070146,32.50750000000001,0.03050273211806842,32.45,32.57,-0.001549888018889592,0.015333333333333274,21.479196059873196,-166.38,177.78,65.21224928860046,7.307497648860124,22.22611077089287,156.31698564135633
S3,2370,2430,2,1,3.5161632499999995,0.37940130635190117,2.444781,4.330267,0.010248618788520639,32.472416666666675,0.0245627032080941,32.41,32.53,-0.0010017535026654331,-0.0924661458333334,23.33753301609876,-166.38,177.78,65.68267367894835,9.889357876936172,16.583123951777,156.31698564135633
S3,2400,2460,2,1,3.8779627583333327,0.3656640474403382,3.113156,5.059725,0.011759644455632923,32.43683333333333,0.031727573006597176,32.39,32.5,-0.001554888105696434,0.031888020833333315,18.598385282256423,-112.45,123.64,65.60976404669184,10.398467799188353,16.583123951777,136.72234638127009
S3,2430,2490,2,1,4.136200604166667,0.2415389174368128,3.783172,5.059725,-0.0018912696105835656,32.39275,0.029691819861144074,32.33,32.43,-0.0013538429486623959,-0.0907161458333334,16.323554701930792,-81.61,88.62,65.73928033650394,10.791134478753733,12.649110640673518,167.02993743637697
S3,2460,2520,2,1,4.377366975,0.4218870422915152,3.776766,5.509115,0.013846355825621968,32.35816666666667,0.02768824459746106,32.31,32.43,-0.0011554367263320157,0.000190104166666627,17.61787700451312,-88.25,88.62,65.62138004947556,8.951059131128456,12.649110640673518,167.02993743637697
S3,2490,2550,2,1,4.742717233333334,0.3951207640610069,3.776766,5.55524,0.00875421178839905,32.313583333333334,0.033980284316382045,32.27,32.37,-0.0016978766992480606,0.12852604166666665,14.517450988104976,-88.25,66.5,65.06602194418083,6.140098467672387,22.20360331117452,125.70600622086441
S3,2520,2580,2,1,4.714678408333333,0.2608692862989367,4.297949,5.55524,-0.010877788406048703,32.28033333333333,0.015271614918606284,32.23,32.33,-0.00034056146808102,-0.00146354166666669,10.208141503829797,-36.45,114.97,64.84928711454715,5.5609934575604525,22.20360331117452,125.70600622086441
S3,2550,2610,2,1,4.282444841666668,0.31547143441106507,3.722953,5.063569,-0.016512768225142863,32.239749999999994,0.04563373204111307,32.15,32.31,-0.0023987222000385632,-0.007002604166666663,8.299541911304095,-60.68,114.97,64.68737084105614,3.4471896048348527,40.620192023179804,118.16090724093142
S3,2580,2640,2,1,3.737074816666667,0.3264670033823603,3.192594,4.358168,-0.018657113491553686,32.17683333333333,0.036124399264517104,32.13,32.27,-0.0018053091199500939,-0.007315104166666675,7.454037594700564,-60.68,32.68,64.6825905718467,3.588389529419464,40.620192023179804,118.16090724093142
S3,2610,2670,2,1,3.2196811125,0.2664878542700708,2.779591,3.716547,-0.015240856933280145,32.13225,0.025477522773350875,32.07,32.18,-0.0012928696678755594,-0.009093750000000001,7.008635537348022,-48.25,32.68,64.62325397220701,1.7271255629794047,49.29503017546495,84.10707461325711
S3,2640,2700,2,1,2.8161706333333334,0.19518398152255959,2.500277,3.190031,-0.011191464646955683,32.094166666666666,0.027916044769192894,32.03,32.15,-0.0014348860223266555,0.0057916666666667175,8.418716428313001,-48.25,37.56,64.59407833143788,0.5662768863952791,61.53048025166064,69.83552104767315
S3,2670,2730,2,1,2.5309779000000003,0.13484942496240018,2.312812,2.775747,-0.007672715692980822,32.047916666666666,0.035021322869868865,31.99,32.11,-0.0018477404121602292,0.0003359375000000127,10.359471819138319,-42.72,72.95,64.8625872534936,4.842464484426116,22.64950330581225,160.42755374311483
S3,2700,2760,2,1,2.321366416666667,0.11042280895906299,2.125749,2.530625,-0.006284840778485743,32.00333333333334,0.02643650674519771,31.95,32.07,-0.0012494661365652165,-0.022898437500000014,8.604486278976898,-39.37,72.95,64.85876304024832,4.854575012870402,22.64950330581225,160.42755374311483
S3,2730,2790,2,1,2.1335963916666665,0.10898282546165212,1.956623,2.320499,-0.006267469910935934,31.974750000000004,0.017793374234997265,31.93,32.0,-0.000701192729040585,-0.03390104166666665,5.846346124806551,-25.16,23.94,64.61074414635522,0.5895542278356397,62.23343153000644,68.78226515607058
S3,2760,2820,2,1,1.9604451666666667,0.09314948282593355,1.798234,2.124467,-0.005359691793260324,31.95533333333333,0.016679994670928715,31.93,31.99,-0.00047778607267509577,-0.024539062499999948,8.809432740205427,-50.09,83.78,64.72224748332039,2.4624161321409703,44.01136216933077,97.92854537876073
S3,2790,2850,2,1,1.8005847708333333,0.09221002819746153,1.649608,1.957904,-0.005310864096598892,31.936833333333333,0.018347721626645486,31.89,31.97,-0.0006309831767910449,-0.10538541666666663,9.556505324548334,-50.09,83.78,64.72990948639666,2.581941527138832,44.01136216933077,97.92854537876073
S3,2820,2880,2,1,1.6520585625,0.0797764893108412,1.509951,1.798234,-0.004587606612962038,31.915000000000006,0.0214864298259773,31.85,31.95,-0.0009094602336850662,0.042281249999999916,9.489183716653315,-66.12,61.83,64.6760207133325,1.7022812209655256,44.01136216933077,83.03011501858829
S3,5010,5070,3,0,0.40428544999999994,0.10162273772519695,0.348768,1.316184,-0.0014230086043160418,30.772000000000002,0.05287721626560876,30.69,30.85,0.0029367176513480967,0.5981640625000002,23.853891400285722,-159.15,140.49,64.04580037457494,2.7644574898939127,40.06245124802026,93.09135298189624
S3,5040,5100,3,0,0.3923947375,0.010238426686276577,0.375674,0.417956,0.0003738978992690833,30.830500000000004,0.025490194193062594,30.77,30.89,0.0009996006875117418,0.027463541666666914,20.328068850773697,-136.42,140.49,64.2096163828551,1.9859289933390891,40.06245124802026,86.66025617317318
S3,5070,5130,3,0,0.39568325,0.008903954910366142,0.376956,0.417956,-2.9651768259868175e-05,30.847,0.016258331197677302,30.81,30.89,0.0003411170332818904,-0.5723151041666665,15.634149923580784,-136.42,55.47,64.07045954050481,0.6492509287907704,58.762232769015846,71.76350047203663
S3,5100,5160,3,0,0.38482995833333333,0.014090363967321681,0.360299,0.489706,-0.000608914758936786,30.84983333333334,0.012779106211139257,30.83,30.87,-6.805673709921818e-06,0.10050520833333332,18.390356201093493,-102.67,84.61,63.3335771708981,1.5480776481047827,50.22947341949744,77.54998388136518
S3,5130,5190,3,0,0.39215442083333335,0.02273612154558027,0.360299,0.489706,0.0005884054671088006,30.85516666666667,0.02089590603177845,30.83,30.91,0.0005343148318547293,-0.11753385416666676,32.3981769072415,-217.01,325.49,62.82028913180781,1.5180588139912687,50.22947341949744,77.54998388136518
S3,5160,5220,3,0,0.40555948333333336,0.012483347096220718,0.36158,0.432049,-0.00017019696869737504,30.872833333333332,0.023136671228929595,30.83,30.91,0.0007787635201999821,-0.02902604166666663,31.374407836200486,-217.01,325.49,62.798752704968315,0.8958773354848781,57.01754116059373,73.90534486760751
S3,5190,5250,3,0,0.39590745,0.008753141839124587,0.371831,0.411549,-0.0004288659039219415,30.89566666666667,0.020196259279601052,30.87,30.95,0.0007486241080573834,0.02188802083333341,23.346203666294134,-158.2,128.93,63.277460906263755,1.7750949522761565,48.02082881417188,90.07774419910837
S3,5220,5280,3,0,0.38050578749999997,0.010015262497009769,0.362862,0.400018,-0.0005615626885883464,30.926666666666666,0.02724375565560282,30.87,30.99,0.001349190090105446,-0.008111979166666682,18.693064460096842,-158.2,128.93,64.22733973968586,1.5992761267638196,48.02082881417188,90.07774419910837
S3,5250,5310,3,0,0.37179857083333334,0.004220235727418865,0.362862,0.382081,-0.00011939419607979478,30.953999999999997,0.01836663641860749,30.91,30.99,0.0005552874181844157,0.03641666666666667,15.083672734095817,-135.16,122.76,64.2384981354466,0.7494741282327037,56.60388679233962,73.92563831310488
S3,5280,5340,3,0,0.36805092083333335,0.003899753583826285,0.36158,0.375674,-0.00020319331412003915,30.964166666666667,0.013514395616855425,30.93,30.99,0.00013791906109471963,-0.02803385416666669,15.320402967866485,-135.16,122.76,64.01736474522706,0.7252374851682752,56.60388679233962,73.92563831310488
S3,5310,5370,3,0,0.36209835416666664,0.0039281626180356416,0.350049,0.367987,-0.00020453202486154408,30.967000000000006,0.012556538801224641,30.93,30.99,-2.222260803300701e-06,-0.037218750000000064,12.263361521471799,-82.22,104.31,64.13214507329158,0.7361566624124466,56.929781309961136,74.57211275000863
S4,300,360,1,0,0.19330981666666666,0.0076693769738088195,0.175513,0.21133,-0.00042227258459348355,32.82875,0.042515928387683984,32.68,32.89,0.002198579836455429,0.5702968749999999,64.6051589046832,-467.49,219.12,65.15234347874805,3.204042638173974,46.486557196677836,131.62446581088184
S4,330,390,1,0,0.18317775416666665,0.005112637658495463,0.171676,0.193422,-0.00027033700758693867,32.879166666666656,0.02984915781428623,32.81,32.93,0.0013861351759575683,-0.17707552083333328,44.976142138713904,-156.03,219.12,65.06789595050216,0.965099256359471,50.84289527554464,72.38784428341543
S4,360,420,1,0,0.17566797916666668,0.004501047061006955,0.164001,0.183188,-0.00024026511397767398,32.89766666666666,0.013211947455069884,32.87,32.93,-0.00014222469140082525,0.113921875,40.9763306568324,-114.8,125.89,64.73252538226276,0.7057437930111488,60.174745533321534,71.596089278675
S4,390,450,1,0,0.16782230833333334,0.00516514568816123,0.155047,0.178072,-0.00028520916682581214,32.896833333333326,0.013037339537735344,32.87,32.93,0.00025014323165370607,-0.18154947916666686,38.17845498882176,-114.8,103.91,64.6629882091263,0.6724005748517102,60.174745533321534,71.596089278675
S4,420,480,1,0,0.16049905416666668,0.003899523705048177,0.148651,0.169117,-0.00020635199395822792,32.89533333333332,0.01257864150940791,32.87,32.93,-0.00016666956023532524,-0.04807031250000017,38.43880077135404,-131.64,86.64,64.67475171708976,0.5584863467106778,60.21627686929839,69.6491205974634
S4,450,510,1,0,0.15544632916666667,0.0028406865389343154,0.144813,0.161442,-0.00013976073369329284,32.89133333333333,0.011469767022722984,32.87,32.91,-2.2222608031104125e-05,0.02906510416666664,37.6797477016546,-131.64,86.64,64.72275160298074,0.5726473075593892,60.21627686929839,68.00735254367721
S4,480,540,1,0,0.15098528750000004,0.0032451030191418774,0.140976,0.158884,-0.00016554754249205805,32.89449999999999,0.012770408502992731,32.87,32.91,0.0002054202329901923,0.1694739583333334,35.90154140630009,-118.22,69.53,64.68174541988739,0.48834015147573645,61.91930232165088,67.72001181334805
S4,510,570,1,0,0.14643887083333335,0.002833320520311107,0.137138,0.152488,-0.00013783169673084738,32.89766666666665,0.011599808427535416,32.87,32.91,3.8889564054798366e-05,0.02063802083333345,34.48198940183925,-118.22,64.38,64.6626356413751,0.4187155885575528,62.056425936400814,67.17886572427373
S4,540,600,1,0,0.14266522916666666,0.002452597582492757,0.13458,0.14993,-0.0001127273511692902,32.898999999999994,0.011789826122550164,32.87,32.93,0.00010444625774738439,-0.31751822916666667,32.03240960441115,-88.0,64.38,64.70992488820782,0.42401371342051053,62.056425936400814,67.17886572427373
S4,570,630,1,0,0.13984566250000002,0.002007001751849524,0.130742,0.143534,-7.854816403062542e-05,32.90583333333332,0.012621630463436123,32.87,32.95,0.0003587562284067994,0.1071874999999999,32.23243887837495,-83.15,53.47,64.74208735125544,0.3772714351014176,62.94441992742486,66.9776081985614
S4,600,660,1,0,0.13723932083333334,0.0023287714950661472,0.128184,0.142255,-9.81704248337642e-05,32.91649999999999,0.013456720749624429,32.87,32.95,0.00030431083872926645,0.10590885416666658,33.982685828243,-92.78,53.47,64.72518345522775,0.33634310920740734,63.2771680782255,66.34756966159348
S4,630,690,1,0,0.13240522916666667,0.004311362045222217,0.11923,0.138417,-0.00019833605270924782,32.92616666666667,0.01348970801100846,32.87,32.95,0.0003031997083280159,0.02132812499999995,43.2160281609372,-255.01,133.66,64.63582902850868,1.7488751043822999,43.56604182158393,81.11103500757464
S4,660,720,1,0,0.12850377916666667,0.002712248860336994,0.11923,0.137138,-5.062184933766275e-05,32.93716666666667,0.014559265854508242,32.91,32.97,0.0004620913557529105,0.13359374999999993,43.47034538830708,-255.01,133.66,64.5651948839563,1.7966071069502345,43.56604182158393,81.11103500757464
S4,690,750,1,0,0.12738456666666667,0.001724546342439722,0.117951,0.130742,-2.9387131721035912e-05,32.95416666666667,0.016511780306462196,32.91,32.97,0.0006598725672318774,-0.08196614583333342,35.48024189181888,-116.21,78.19,64.5182297764164,0.7185093487222064,59.04235767650204,72.86288492778748
S4,720,780,1,0,0.12606812916666668,0.001929949469325375,0.117951,0.129463,-4.719010920328516e-05,32.97083333333334,0.013202482931462168,32.95,33.0,0.0004669525512596531,-0.0361901041666667,36.595568620341886,-116.21,111.36,64.49775526292107,0.6140570367127287,60.991802727907626,72.86288492778748
S4,750,810,1,0,0.12532194583333334,0.0016504221812108043,0.116671,0.128184,-4.66067987291489e-06,32.98100000000001,0.01325393023471462,32.95,33.0,0.00027028247018196855,0.34566145833333334,37.13021056840561,-91.72,111.36,64.46084044044578,0.4814774602447829,62.297672508690084,66.88049042882386
S4,780,840,1,0,0.12518866666666667,0.0015536706125244863,0.116671,0.128184,-1.0630934564836106e-05,32.98941666666667,0.01066894506916681,32.97,33.0,0.00022549002586860385,-0.21359635416666667,36.66997012640513,-108.46,74.28,64.45158140012894,0.5050874735006042,62.297672508690084,66.88049042882386
S4,810,870,1,0,0.12363759166666667,0.003403864125264677,0.107717,0.126905,-0.00011761487525825203,33.000499999999995,0.012835497652993487,32.97,33.03,0.0004652858556570238,-0.37980989583333324,34.73829025789821,-108.46,81.83,64.42609005228708,0.7550274219709261,57.844619455918284,73.57988855658861
S4,840,900,1,0,0.12011455416666665,0.004057919739685915,0.107717,0.126905,-0.00012543376621121998,33.02075,0.020172691937368464,32.99,33.05,0.0008607788329657155,0.37176562500000027,34.57748499983506,-106.08,150.86,64.37916471316638,1.1655760385576321,54.680892457969264,75.97367965289031
S4,870,930,1,0,0.11898467083333332,0.0024399317143756235,0.111555,0.123067,7.810793069324153e-05,33.040333333333336,0.016121069719123953,33.0,33.07,0.0004786194204756311,0.06349218750000002,38.22705082542773,-106.68,150.86,64.37792860272468,1.0557464132782026,54.680892457969264,75.97367965289031
S4,900,960,1,0,0.12063152916666665,0.0017646594121291403,0.112834,0.123067,3.475840726401449e-05,33.05233333333334,0.01418528188730212,33.03,33.07,0.0004077848573759687,-0.04637760416666685,39.35932952363548,-106.68,97.11,64.35187870458508,0.5843255574054015,60.73713855624086,68.7749954561976
S4,930,990,1,0,0.12139893749999998,0.001533136963959975,0.114113,0.124346,5.313587041440385e-06,33.06133333333333,0.011756794725700138,33.03,33.09,0.00014222469140042865,0.11518229166666653,38.321914367631784,-100.52,76.52,64.37771986749853,0.5126699671527457,61.97580172938467,66.73829485385434
S4,960,1020,1,0,0.12105786249999999,0.0016027175131404397,0.114113,0.124346,-2.6489180367713952e-05,33.067499999999995,0.012796483892071726,33.05,33.09,9.65294536360578e-05,-0.20769531250000015,36.97761921470031,-100.52,76.52,64.41957568146752,0.5269193673393778,60.73713855624086,66.73829485385434
S4,990,1050,1,0,0.12097259583333334,0.0015257339788276652,0.114113,0.124346,2.115526832062958e-05,33.06983333333333,0.014490418290107379,33.03,33.09,5.41676070758046e-06,-0.05302083333333343,36.37770886662576,-96.99,59.78,64.38826005874148,0.4796786506356503,60.73713855624086,66.46803743153546
S4,1020,1080,1,0,0.12098326249999998,0.001557839246711207,0.114113,0.124346,-2.173691383530971e-05,33.073166666666665,0.014141153496878032,33.03,33.11,0.0003298668379659296,-0.015976562500000093,36.13849708981973,-93.73,57.01,64.37597716876489,0.37807217123460984,62.5859409132754,65.97726881282674
S4,1050,1110,1,0,0.12059955833333331,0.0015264679262698404,0.114113,0.123067,-7.388381742738917e-06,33.075833333333335,0.012219065248847564,33.05,33.11,-6.20844111882209e-05,0.08622395833333328,35.528089029167134,-86.97,64.39,64.46074704810388,0.34324796726650936,63.13477647065839,65.97726881282674
S4,1080,1140,1,0,0.12100989166666666,0.0016537794229976826,0.114113,0.124346,1.7932005763989157e-05,33.071,0.012069244660156336,33.05,33.09,-0.00015305821281645616,-0.03593229166666676,37.00315340047047,-103.47,112.89,64.44846697711449,0.4521938741110665,62.489999199871974,66.67083320313314
S4,1110,1170,1,0,0.12110049583333332,0.0016002969099459738,0.115392,0.124346,-1.940001562527045e-05,33.064499999999995,0.012639224659765866,33.03,33.09,-0.00015764162572274584,-0.2559479166666668,36.042736469008155,-103.47,112.89,64.34512405926594,0.45105132488082583,62.433965115151864,66.67083320313314
S4,1140,1200,1,0,0.11972010416666666,0.0032786249813475093,0.111555,0.132021,-9.732052466188673e-05,33.0605,0.012372684968646035,33.03,33.09,-4.791749856819184e-05,0.15177864583333353,37.8826400192913,-205.98,103.99,64.52754052313895,1.1434384699936435,46.84015371452148,77.23988606931007
S4,1170,1230,1,0,0.11313763333333333,0.006542072728925867,0.098763,0.132021,-0.0003372980086459832,33.06283333333333,0.013113817987994969,33.03,33.09,0.00020875362419463353,-0.8255312499999999,61.57451248901156,-322.43,404.27,65.03965843951981,2.559727538352472,41.737273509418415,91.18662182579197
S4,1200,1260,1,0,0.10694425,0.002955674833406633,0.098763,0.116671,-3.061078143717789e-05,33.07683333333333,0.01663246490719102,33.03,33.11,0.0006454278720120358,0.23995833333333347,78.60801886508843,-481.65,404.27,65.19115798609666,3.6650664521196434,41.737273509418415,117.3839852790831
S4,1230,1290,1,0,0.11131477083333333,0.007379146682938072,0.100042,0.128184,0.00031503741905241375,33.097333333333346,0.015260697523012155,33.07,33.13,0.0006075105470581446,0.8632421875000004,63.64207849112497,-481.65,334.55,64.89080935512473,3.033415770523006,45.86937976471886,117.3839852790831
S4,1260,1320,1,0,0.1148218833333333,0.005286666758117905,0.10388,0.128184,-1.964038264553171e-05,33.10900000000001,0.010598742063722631,33.09,33.13,0.00012666886577892547,-0.2930494791666668,37.13968017200474,-128.0,150.29,64.7163603132262,1.0577095420516116,54.59853477887479,75.76938695805846
S4,1290,1350,1,0,0.11428881249999998,0.0019477039073424577,0.107717,0.11923,6.374694178718434e-05,33.109166666666674,0.010769039986099849,33.07,33.13,-0.0001123630618586381,-0.07524479166666662,33.156468828094624,-116.0,81.87,64.71733357211248,0.41403238511519785,61.66846844214635,66.73829485385434
S4,1320,1380,1,0,0.1159837083333333,0.0017895533399698437,0.107717,0.11923,4.999534019687907e-05,33.10333333333334,0.015347819244294635,33.07,33.13,-0.00035556172850239486,-0.0006770833333331024,32.876323231606335,-90.46,118.25,64.70616000096655,0.4982716086476089,61.1228271597445,68.68769904429759
S4,1350,1410,1,0,0.1178333958333333,0.002029372359248702,0.108996,0.123067,8.169776385006702e-05,33.087833333333336,0.019798288365973207,33.05,33.13,-0.0007784857376000864,0.12433854166666676,33.29728607762785,-97.79,118.25,64.70398437525829,0.5464180020809999,61.1228271597445,68.68769904429759
S4,1380,1440,1,0,0.12003996666666666,0.002062053169510641,0.111555,0.123067,6.74081216687788e-05,33.066833333333335,0.01731970618175343,33.03,33.11,-0.0005809823087206926,0.012705729166666523,34.316036013867794,-97.79,67.84,64.70146610709706,0.42324668792309134,61.87891401761993,67.48333127521195
S4,1860,1920,3,0,0.17041792083333332,0.0028793522951465977,0.161442,0.178072,2.6130826924077416e-05,32.799,0.02026491220476026,32.75,32.84,-0.0009284883418115474,0.08867968750000044,71.1371731275181,-269.59,522.28,64.52978527497189,2.142584078324109,34.132096331752024,89.83317872590283
S4,1890,1950,3,0,0.17286969166666666,0.005216336158000549,0.161442,0.188305,0.0001454199447907087,32.778499999999994,0.016054594358001443,32.75,32.83,-0.0005254257886421756,-0.011510416666666235,101.23216895849637,-446.7,522.28,64.6845672288338,3.239645672777602,34.132096331752024,101.51354589413178
S4,1920,1980,3,0,0.17555063333333332,0.006710478971893307,0.161442,0.197259,0.0001605741141339247,32.774,0.013808210118137963,32.75,32.81,0.00016639177763505807,0.05779947916666671,89.66975433312459,-446.7,347.06,64.67781528752222,2.4793945093826193,43.88621651498338,101.51354589413178
S4,1950,2010,3,0,0.18138159583333333,0.00917841249703978,0.164001,0.207493,0.00022688831576937025,32.77466666666667,0.010561986345168634,32.75,32.79,-6.111217208622047e-05,0.2686041666666667,73.74873607553657,-572.43,335.04,64.45681405886093,0.6028202176132557,50.73460357586329,71.17583859709698
S4,1980,2040,3,0,0.1815521708333333,0.008004846230564498,0.169117,0.207493,-0.00031548761089602293,32.769833333333324,0.01016393405899271,32.75,32.79,-0.00011652980086513699,-0.0058385416666665675,78.92344331874041,-572.43,335.04,64.36163168986673,1.0414090860994576,49.16299421312742,75.0066663703967
S4,2010,2070,3,0,0.17674458333333334,0.0035445096959554534,0.166559,0.187026,-9.73890518932674e-06,32.76533333333333,0.012310790208413663,32.73,32.79,-0.00012222434417243772,-0.22109114583333322,64.96811841389354,-263.46,285.82,64.25917052023327,0.9872330280052853,49.16299421312742,75.0066663703967
S4,2040,2100,3,0,0.1748737833333333,0.0031289723743942255,0.166559,0.184468,-0.000135836656886405,32.76083333333334,0.013879441231148846,32.73,32.79,-0.00019542005937564708,0.01108333333333323,60.350249462023534,-156.97,99.28,64.14133879829522,0.26831044638957285,63.419239982831705,65.45991139621256
S4,2070,2130,3,0,0.17232079583333332,0.0014205030696256785,0.16528,0.175513,-2.5965646973037464e-05,32.75533333333333,0.012840906856173197,32.73,32.79,-0.00016861403843828327,-0.06620312500000004,60.9936529934023,-169.02,115.32,64.24612009230813,0.191243086288595,63.03967004989794,65.45991139621256
S4,2100,2160,3,0,0.172267475,0.0017312882509011415,0.16528,0.175513,2.6474574211357144e-05,32.747499999999995,0.01170825919312415,32.73,32.77,-0.00023097623222644842,-0.04511458333333333,62.74332980142354,-169.02,115.32,64.27525723704935,0.21324581543768437,63.03967004989794,65.45991139621256
S4,2130,2190,3,0,0.17357319166666668,0.001925718114089017,0.166559,0.178072,4.9704720568063744e-05,32.74,0.01183215956620048,32.71,32.77,-0.00015444712581807283,0.1170989583333333,60.19726730734093,-151.65,107.19,64.18472074089102,0.1889071566529746,63.34824385884742,65.07687761409578
S4,3630,3690,2,1,2.005703141666667,0.1754356087528411,1.581494,2.45409,0.004577565523706996,32.71091666666666,0.01949341056756173,32.66,32.75,-0.0005027170610601893,-1.8204609374999998,114.60545643696935,-432.66,648.68,65.0749607267222,3.150397950878123,47.7179211617606,107.88883167408942
S4,3660,3720,2,1,2.2423359916666668,0.26956635966410625,1.905324,2.996245,0.012646852684942447,32.68983333333333,0.021601826054501217,32.65,32.73,-0.0008598760395151201,-1.643606770833333,70.13172462622387,-444.39,278.54,65.14541885245714,5.20105422370515,45.39823785126467,168.4695818241382
S4,3690,3750,2,1,2.4150663625,0.22966933287111804,1.996904,2.996245,0.0044312518186079425,32.66308333333333,0.0206476727233091,32.61,32.71,-0.0009680029167173931,0.21937760416666674,78.04903700894766,-444.39,278.54,65.05096031753689,5.126133949307371,45.39823785126467,168.4695818241382
S4,3720,3780,2,1,2.5028748750000003,0.19520396609809454,2.117147,2.992407,0.007395880612510624,32.63158333333334,0.024528752969161443,32.59,32.68,-0.0012600913210295737,0.18417708333333327,79.64890629970681,-402.71,269.2,65.40486096084345,6.0525903704725135,24.758836806279895,172.14528747543454
S4,3750,3810,2,1,2.6005911,0.11223403448686292,2.434382,2.992407,0.00031114564836194966,32.5915,0.027222845797847135,32.53,32.65,-0.0013629403288254519,0.006648437499999934,71.99184232425912,-402.71,386.04,65.64791347799874,6.732183101975546,24.758836806279895,172.14528747543454
S4,3780,3840,2,1,2.615987475,0.14871171711177542,2.410078,3.111371,0.002121333092588433,32.55233333333333,0.025289435651187978,32.5,32.61,-0.0011679369433497675,0.6757083333333329,64.6807742261815,-388.09,386.04,65.1453230242127,4.465657443682459,36.30426972134269,144.25671561490648
S4,3810,3870,2,1,2.549456529166667,0.16112938299600776,2.335886,3.111371,-0.003468895385336554,32.515,0.025232254490366562,32.47,32.57,-0.0011929373773850271,-0.34572656250000006,76.47156829156903,-406.87,329.27,64.99000751859958,3.9778639869956782,52.5642464038057,144.25671561490648
S4,3840,3900,2,1,2.4389659041666665,0.08182204652742833,2.284719,2.635518,-0.0029686331724509125,32.486000000000004,0.014571661996263524,32.45,32.53,-0.0005740377437109968,-0.18120833333333372,74.0211960409422,-406.87,329.27,64.84933472584497,3.0953988351506405,52.5642464038057,136.7845020461017
S4,3870,3930,2,1,2.382522291666667,0.10553162985411021,2.213085,2.614746,-0.0011005522387541394,32.46783333333334,0.017615491919204394,32.43,32.5,-0.0006791784579593175,0.45548697916666636,52.96498969122923,-359.73,206.75,64.74453568775273,2.328893387565585,44.955533585978046,105.72133181151285
S4,3900,3960,2,1,2.4498281916666667,0.1703880661562646,2.213085,2.896164,0.007455766416083601,32.45316666666666,0.01549103683496416,32.43,32.49,-0.0005143144846263574,-0.19775260416666657,68.55682126039261,-268.36,331.69,64.617514471009,2.1953432356410896,44.955533585978046,105.72133181151285
S4,3930,3990,2,1,2.678944895833333,0.20536572717252907,2.262973,3.119045,0.009580148504314304,32.44233333333333,0.011883695646652172,32.41,32.47,-0.00033861698987820455,-0.10628645833333354,81.47359119844975,-425.33,331.69,64.46879039159467,1.2222174293596393,50.049975024968795,75.76938695805846
S4,3960,4020,2,1,2.7457690458333333,0.14630526206204525,2.517833,3.119045,-0.00277528203441031,32.422666666666665,0.020483055327651198,32.37,32.45,-0.000886404277851908,0.2108281250000001,78.87326871047392,-425.33,262.36,64.43360148248249,1.0923789009765104,50.049975024968795,75.76938695805846
S4,3990,4050,2,1,2.6102823375,0.11693193425831226,2.384494,3.035899,-0.005162582484070905,32.39916666666666,0.018054700834470108,32.37,32.45,-0.0006609836976335495,-0.15070052083333324,87.6820765102532,-331.65,266.18,64.42492710690219,1.1493279646561874,58.73670062235365,70.31358332498779
S4,4020,4080,2,1,2.413259533333333,0.15001465573955505,2.138893,2.714521,-0.00811026342471223,32.37133333333333,0.02610661899893414,32.33,32.43,-0.0012733554401987133,0.14130468749999944,96.66526457500171,-331.65,324.85,64.41483798680625,1.1996098533145223,58.73670062235365,70.31358332498779
S4,4050,4110,2,1,2.2524089,0.126967764133224,2.067259,2.672309,-0.0011846249622389138,32.3375,0.02262925834695653,32.29,32.39,-0.0010866855327347346,-0.22752864583333357,95.26856800733624,-308.0,324.85,64.78565916322579,7.2722812871665115,15.620499351813308,201.79692762775156
S4,4080,4140,2,1,2.193486925,0.11632591764385974,2.031442,2.672309,1.8447629299120865e-05,32.30533333333334,0.02175367146534633,32.27,32.34,-0.001104046945259698,-0.10964843749999957,99.94171927254627,-308.0,430.63,64.80781950577196,7.273537200515623,15.620499351813308,201.79692762775156
S4,4110,4170,2,1,2.1018434916666666,0.08125717900171404,1.961088,2.250181,-0.003927237011059206,32.27766666666667,0.019353437822659716,32.23,32.31,-0.0008272365839684179,0.23311197916666682,111.52991475957977,-386.36,430.63,64.4299907024195,1.1116083330636324,59.53990258641679,72.29799443968
S4,4140,4200,2,1,2.092227275,0.08898968274997411,1.961088,2.388852,0.0015771415232903418,32.251666666666665,0.02332142553295031,32.21,32.31,-0.001081963228528125,0.3532682291666665,116.81160281812107,-386.36,316.38,64.45738697689451,1.2131886130647724,54.36910887627275,74.08778576796583
S4,4170,4230,2,1,2.15671915,0.07413706305251443,2.039637,2.388852,-3.961668431743811e-05,32.21966666666666,0.024046251729161812,32.16,32.27,-0.0010715463810135632,-0.08638541666666745,123.05201235934659,-450.16,902.17,64.77768707801098,2.726739993096959,42.21374183841087,84.0535543567314
S5,300,360,1,0,1.1296800666666664,0.12542047243494137,0.696081,1.361132,-0.0038995170228649824,33.85841666666666,0.11564670216751638,33.68,34.13,-0.006109307453254322,0.9846927083333337,189.8879424001642,-1092.57,743.27,63.59519593467709,4.009235674875942,41.048751503547585,90.92304438369845
S5,330,390,1,0,1.075191775,0.08402349558669711,0.703754,1.224285,-0.000704823434434636,33.784666666666666,0.04520201568760228,33.68,33.89,0.00034243650063350015,2.530947916666667,146.88870330626955,-822.42,623.53,63.63679236109668,5.066876880683059,35.679125549822544,109.55363982999378
S5,360,420,1,0,1.0556239625,0.04444154446389205,0.861065,1.156501,-0.0011078445337592776,33.83691666666667,0.07481416792441206,33.75,34.05,0.002260768416118314,-0.0946458333333335,128.54580326547512,-822.42,604.86,63.4495122123742,4.291588673802609,35.679125549822544,109.55363982999378
S5,390,450,1,0,1.0030646958333334,0.04216111262134792,0.859786,1.082322,-0.0018138226479626387,34.033,0.1892687683339922,33.75,34.39,0.010810673796419826,-0.3486640625000004,114.29378016195835,-727.28,691.01,63.282937976805776,2.373348237635117,44.02272140611028,95.78100020358944
S5,420,480,1,0,0.9678138291666667,0.02587504341928691,0.859786,1.000469,-0.0003130922359763265,34.36991666666667,0.1899034659738709,34.05,34.63,0.010665844893140222,-0.009526041666666795,90.24544562685668,-545.71,691.01,63.22623517474299,2.418129916848752,44.02272140611028,95.78100020358944
S5,450,510,1,0,0.9379504375000001,0.030973050582930324,0.885364,0.994075,-0.001775953059948957,34.46058333333334,0.11495503347927931,34.23,34.63,-0.004650532127293894,-0.13659374999999999,31.55393604379324,-259.22,103.89,63.02413877968629,0.5553844723929404,56.97367813297646,68.9492567037528
S5,480,540,1,0,0.8928036541666667,0.024922463677732574,0.777933,0.941638,-0.0012864628813000173,34.25341666666667,0.1480990424982181,34.05,34.55,-0.008388235906873143,0.10096875000000012,80.92745961822501,-849.75,518.27,62.98703917671526,1.4155313787658705,48.79549159502341,87.17797887081348
S5,510,570,1,0,0.85950845,0.022867244801735517,0.777933,0.891759,-0.0011126078959704157,34.141083333333334,0.04416438673360594,34.05,34.23,0.00038934703727436687,0.1836692708333332,123.69103280873541,-849.75,518.27,63.12974140259734,1.7375510854420513,47.41307836451879,87.17797887081348
S5,540,600,1,0,0.8245240374999999,0.02485433841980296,0.78177,0.872575,-0.0013943442785464978,34.24283333333333,0.10093053166521133,34.09,34.41,0.005602458376013781,-0.10653124999999983,152.09543704717754,-819.15,848.5,63.20598594569284,1.4157620914359825,47.41307836451879,75.07995737878386
S5,570,630,1,0,0.7900458291666667,0.016647996332641638,0.760028,0.831649,-0.0009183788867862228,34.405499999999996,0.09917871075319916,34.21,34.65,0.00546183093456486,0.1463619791666671,141.54617788305436,-805.01,848.5,63.192750618295186,1.0941218521203886,54.954526656136345,72.83543093852057
S5,600,660,1,0,0.7745279208333334,0.008375873236936714,0.753633,0.793281,-4.7955226653239895e-05,34.64091666666666,0.17847266753078908,34.37,34.95,0.01017701696209966,0.11700520833333321,111.66986156743258,-802.81,611.95,63.27676248880372,0.6721977155981991,58.111960903070546,68.00735254367721
S5,630,690,1,0,0.7742720583333332,0.00767565004553994,0.753633,0.793281,0.00014231715828399904,34.9205,0.1413792181805143,34.65,35.15,0.008070278997899227,-0.16303125,88.03760953025193,-802.81,611.95,63.31512971087667,0.5415791984518021,60.0416522091123,67.08949247087803
S5,660,720,1,0,0.7718581458333332,0.005054632749557509,0.760028,0.786886,-0.00021764819007274246,35.14866666666667,0.1349007865885969,34.91,35.43,0.007625965728571615,-0.14702343749999983,38.35647109910574,-224.72,193.17,63.30137635214208,0.40093880389338094,60.88513775955508,66.82813778641449
S5,690,750,1,0,0.7704513916666668,0.0045008258377321345,0.760028,0.779212,0.00011261138214204381,35.40691666666667,0.16837604656112984,35.13,35.63,0.009576659317002072,-0.03737239583333347,56.69639435365419,-695.84,300.42,63.269548858320995,1.4381772947722062,50.44799302251776,96.23408959407264
S5,720,780,1,0,0.7737924333333335,0.0037499435778718363,0.760028,0.779212,0.0001022894841924294,35.60729166666667,0.06842086619267135,35.43,35.71,0.003626330318234684,-0.04044531250000006,56.81762105068276,-695.84,300.42,63.216205295068775,1.4323031307598688,50.44799302251776,96.23408959407264
S5,750,810,1,0,0.7729345000000001,0.0030127698938573755,0.762586,0.779212,-0.00011930230038715145,35.64416666666667,0.025514157290065065,35.59,35.71,-0.0007237625653223388,0.0050546874999999915,22.093655111704038,-113.77,89.21,63.202785813583624,0.3331522208724513,60.77005841695399,65.0
S5,780,840,1,0,0.769780075,0.002423927895869628,0.760028,0.776654,-7.7139068386609e-05,35.629208333333345,0.017952435226328826,35.59,35.66,-0.0002935641243774143,0.0502604166666666,22.823882884649212,-113.77,89.21,63.17894458784031,0.3371484835156219,60.77005841695399,65.0
S5,810,870,1,0,0.7558289625,0.02072184165486811,0.705033,0.774096,-0.00048619539748954066,35.61291666666667,0.032860711935211,35.53,35.66,-0.00128484869529006,-0.06278385416666647,47.106058808213454,-737.93,240.09,63.26203787185391,1.3840541776925992,47.3392015141785,79.8060148109151
S5,840,900,1,0,0.7567827375,0.021591052168130367,0.705033,0.78177,0.0009143639663883008,35.55416666666667,0.05314419587834164,35.47,35.66,-0.002825187937290778,0.12980989583333358,51.55297300966973,-737.93,240.09,63.23690633342029,1.3857272019516467,47.3392015141785,79.8060148109151
S5,870,930,1,0,0.77711795,0.007760798087020437,0.758749,0.790723,0.00042012625913643854,35.494166666666665,0.02625462922144447,35.45,35.55,-0.0008907793538085348,-0.04621875000000004,31.872085489697174,-115.16,115.32,63.17073534916338,0.25180107087463877,61.18823416311342,64.91532946846992
S5,900,960,1,0,0.7758176291666667,0.014011776664350939,0.710149,0.790723,-0.0005401016666956055,35.490458333333336,0.020539553643857063,35.45,35.53,0.0007688501536482468,-0.064059895833333,76.945873762432,-766.81,526.23,63.25175597958458,1.4997398660277073,43.70354676682432,86.79861750051091
S5,930,990,1,0,0.7668863125000001,0.013220693194061744,0.710149,0.790723,-0.00012190553829059258,35.53566666666667,0.040676228384101364,35.49,35.61,0.001905449747391488,0.0117526041666664,119.57863009345498,-810.69,526.23,63.22901092752334,1.869154789506176,43.70354676682432,86.79861750051091
S5,960,1020,1,0,0.7581522416666666,0.012800485137287985,0.734449,0.785607,-0.00042408942516363726,35.556000000000004,0.0329241552663092,35.5,35.61,-0.0005666765048005728,-0.12752864583333406,99.30901812551501,-810.69,525.84,63.16783563562213,1.1695171130401414,49.52776998815917,77.77531742140305
S5,990,1050,1,0,0.7456239583333333,0.010551095502281449,0.726775,0.775375,-0.00034340561120852804,35.5195,0.0345651558654088,35.45,35.59,-0.001746696991267349,-0.9769635416666664,92.29573149860862,-632.04,398.44,63.20536003425785,1.5299661019692545,53.33854141237835,73.93916418245476
S5,1020,1080,1,0,0.7431513916666667,0.006633213273363864,0.726775,0.763865,0.00020773529401552388,35.545208333333335,0.064961193009536,35.45,35.66,0.003102883730620363,-0.21065885416666602,127.05981367490813,-755.05,425.19,63.23228626748485,2.9014821017621664,35.24202037341219,108.11567878897121
S5,1050,1110,1,0,0.7598735041666667,0.01832378767385852,0.685849,0.795838,0.0008307429694959962,35.560500000000005,0.06666895829394685,35.41,35.66,-0.0018619767704295574,1.1591223958333337,124.53129324585456,-755.05,743.79,63.300630342431184,3.423873038565008,35.24202037341219,108.11567878897121
S5,1080,1140,1,0,0.7694495208333334,0.012455164906893015,0.685849,0.795838,-0.00022463826976163627,35.42,0.11917773841340241,35.21,35.63,-0.006806923731315168,0.3161276041666667,85.39325684449422,-637.71,743.79,63.43193874729743,2.3718358063825984,39.433488306260706,91.92388155425118
S5,1110,1170,1,0,0.7518108,0.01595960632743385,0.719102,0.775375,-0.0008878904494869782,35.246583333333334,0.08049840405595421,35.15,35.41,-0.004483793121408766,0.1107890624999999,87.98423480425866,-878.8,557.66,63.32892136934294,0.4504736717192566,60.51446108162907,66.09841147864296
S5,1140,1200,1,0,0.7305856958333334,0.012823120715917112,0.703754,0.758749,-0.0006393526849424474,35.160916666666665,0.02730982220536853,35.13,35.23,-0.0012670706088647214,0.22204166666666683,121.71300331598174,-878.8,744.43,63.26391528614123,0.4329426458710084,60.51446108162907,66.09841147864296
S5,1170,1230,1,0,0.6964128374999999,0.04932696822930056,0.505518,0.738286,-0.0019768928714040167,35.13675,0.014063101838972046,35.11,35.16,-0.00039705550443586916,-0.13080468749999977,104.07665846976778,-765.59,744.43,63.379255407229635,2.801075809723667,28.337254630609507,86.03487664894976
S5,1200,1260,1,0,0.6822140041666667,0.08424650790762278,0.493939,0.781701,0.0012161328859875966,35.121,0.016502525059315206,35.09,35.15,-0.00046195246445261733,-0.20774218749999962,132.56093460328754,-1224.81,1405.45,63.336654639155405,2.9606713687417034,28.337254630609507,86.03487664894976
S5,1230,1290,1,0,0.7391815541666666,0.0853190896515178,0.493939,0.791933,0.0035703095001649305,35.125458333333334,0.019488199777186212,35.09,35.16,0.0007807948054652565,-0.03530989583333295,120.08507212340396,-1224.81,1405.45,63.243505160481575,1.0006210652095775,47.34976240700686,77.72387020729218
S5,1260,1320,1,0,0.7874405000000001,0.004327781395626786,0.770191,0.797048,0.00020149092171739408,35.1685,0.038093087736928495,35.11,35.27,0.0019987152554731095,-0.03207552083333325,51.901117772961676,-725.29,341.9,63.222798836792464,0.09999454556222143,62.20128616033595,64.25729530566937
S5,1290,1350,1,0,0.7895082124999999,0.002886457296700762,0.776585,0.797048,-6.438382437194771e-05,35.26529166666667,0.0787448300772114,35.15,35.41,0.004422455250958873,-0.07905208333333297,57.337613981768435,-725.29,341.9,63.27857570126811,0.17375428690056371,62.20128616033595,65.39113089708727
S5,1320,1380,1,0,0.7850317916666666,0.0076208958292270715,0.739496,0.794491,-0.00026576692303686446,35.40441666666666,0.0846886044413429,35.23,35.55,0.00480775707911594,0.7253229166666674,100.95825832857595,-800.95,689.53,63.30306118881654,1.4103583911958384,49.05099387372289,78.33900688673555
S5,1350,1410,1,0,0.7805872833333333,0.006872006877765441,0.739496,0.793212,-0.00012150867549782993,35.477916666666665,0.03886720625697514,35.39,35.55,0.00011038386083090358,-0.011507812499999303,110.12828656036238,-800.95,689.53,63.177908986786484,1.429686524145558,49.05099387372289,78.33900688673555
S5,1380,1440,1,0,0.7781571583333334,0.00402958519886731,0.767633,0.789375,-7.843893123144899e-05,35.42691666666666,0.06120043345888664,35.33,35.55,-0.003393357523568286,-0.7031692708333329,64.92122119291719,-677.43,686.28,63.040781963955396,0.36999014360989757,61.26173356998641,65.13831437794502
S5,1410,1470,1,0,0.7802994291666666,0.005918100333861301,0.767633,0.800885,0.00016541506796993537,35.35487499999999,0.026267553654651072,35.33,35.41,-0.0012125384121251426,-0.04110156249999985,67.06313447556415,-629.3,510.4,63.07255553130191,0.37239260309085204,60.241181927316134,66.21933252457322
S5,1890,1950,3,0,1.4881082291666667,0.0553441711704432,1.397041,1.634924,-0.0002795595253389872,34.438916666666664,0.015561482005974181,34.41,34.49,-0.0004852514800609665,0.04039322916666575,140.17678565340773,-660.16,746.45,63.15507210572735,0.1577597975178316,62.080592780675026,64.19501538281614
S5,1920,1980,3,0,1.4686884541666667,0.05328300806947026,1.397041,1.634924,0.00011297293182173657,34.44541666666667,0.017999807097732367,34.41,34.49,0.0007688675150611024,-0.6563671875000007,141.47842792353234,-595.07,758.33,63.206800749808934,0.7505729859820379,50.33885179461288,78.54298186343577
S5,1950,2010,3,0,1.4287161291666668,0.04044758072776602,1.359951,1.513425,-0.0021363422403166826,34.45475,0.014344714473746594,34.43,34.49,-0.00020003819510759692,-0.6854088541666669,132.9473642036088,-595.07,758.33,63.34104722646086,0.744960013640636,50.33885179461288,78.54298186343577
S5,1980,2040,3,0,1.3653231208333334,0.039103982803518865,1.302399,1.459709,-0.002104144080626393,34.47933333333334,0.04176787707743274,34.43,34.59,0.0019310751922774567,0.8730078124999998,106.07982357806836,-454.89,590.47,63.419906912485125,0.08714764324306841,62.40192304729078,64.52906321960671
S5,2010,2070,3,0,1.3053566166666666,0.03402224600198702,1.24101,1.367625,-0.0018479145644889603,34.5875,0.09248648549923327,34.45,34.77,0.005223771246028706,0.32761458333333354,84.63908019119697,-454.89,280.93,63.397697469193126,0.041800374781511045,63.31666447310692,63.45864795282043
S5,2040,2100,3,0,1.2471700166666664,0.03472904377690315,1.191131,1.317746,-0.0019937952151947197,34.76208333333333,0.1102904939491868,34.57,34.95,0.006316533273147342,-0.10339322916666678,68.66623876298881,-195.16,230.99,63.36444908968808,0.09804281545336246,61.69278726074872,65.40642170307133
S5,2070,2130,3,0,1.2140826791666666,0.022357150347287837,1.171947,1.272983,-0.0007096202000034758,34.92583333333334,0.0797974867329097,34.75,35.03,0.00430924147988686,-0.4796744791666668,100.34065596949637,-1319.66,774.75,63.20803216721386,0.42681324775526885,58.625932828399414,70.07139216541941
S5,2100,2160,3,0,1.1867666041666667,0.0318753398730505,1.142531,1.272983,-0.001657112121738224,34.97816666666666,0.026987136853611513,34.93,35.03,-0.0008870987343529609,-0.8243098958333331,110.9731301022009,-1319.66,774.75,63.04573084348792,0.4055468453948534,58.625932828399414,70.07139216541941
S5,2130,2190,3,0,1.149671945833333,0.017358723915548414,1.114394,1.183457,-0.0009305859320474393,34.936833333333325,0.03376347467637624,34.87,34.99,-0.0017959339571873409,0.24519010416666673,77.06844644545487,-557.59,400.87,63.02514637368298,0.1376423233186986,63.0,64.01562309311689
S5,2160,2220,3,0,1.1216683250000001,0.01896403535035133,1.086258,1.166831,-0.0010604809944617115,34.884166666666665,0.03426814199158604,34.83,34.95,-0.0016805847323739904,0.7330651041666668,63.102314414649996,-490.8,386.63,63.03317144022772,0.1548731315035215,62.0,64.01562309311689
S5,3630,3690,2,1,2.6473776333333334,0.1140508337977656,2.456964,2.876458,0.005293673081129862,34.20029166666666,0.03291906636822389,34.11,34.25,-0.001443688258476732,0.23333072916666708,198.22924048012723,-1049.49,506.67,62.434383121006974,0.5644799665639699,60.44832503882965,65.09992319503918
S5,3660,3720,2,1,2.758848254166667,0.07182304417517796,2.591253,2.936568,0.0011777982794840282,34.13941666666666,0.04939291165969184,34.05,34.23,-0.002745360162503096,1.6832135416666663,185.60868432669213,-610.18,593.1,62.47341024424671,0.6204769300444262,58.60887304837041,65.13063795173512
S5,3690,3750,2,1,2.904357516666667,0.15180067510497022,2.648806,3.24382,0.007039749391482483,34.06541666666667,0.04172121429467593,33.99,34.15,-0.002248129307800717,-1.3061796875000005,183.07513877138103,-651.47,597.64,62.47837849522224,0.5833021867658331,58.60887304837041,65.13063795173512
S5,3720,3780,2,1,3.1082084458333337,0.11998685846370317,2.746006,3.369156,0.004920179612493248,33.97008333333334,0.0706044832539375,33.84,34.09,-0.0038871855414153366,-0.7652265625000001,186.8557270966101,-752.27,597.64,62.44977547445454,0.5595026275333268,60.44832503882965,65.13063795173512
S5,3750,3810,2,1,3.2934696791666664,0.17174363242505158,2.998262,3.637361,0.007950092128335548,33.87383333333334,0.04763023082968224,33.81,33.99,-0.0022128856403756496,0.08081249999999969,196.00262315253124,-988.99,754.7,62.60039914274978,1.0238947708361046,52.20153254455275,77.44029958619737
S5,3780,3840,2,1,3.5592820499999998,0.21459033362465135,3.190104,3.940471,0.011320708397715193,33.85741666666667,0.026956626684772094,33.81,33.91,0.0010360943766382527,-0.47974218750000003,164.88462803740222,-988.99,754.7,62.87841171092587,1.0763204500988004,52.20153254455275,77.44029958619737
S5,3810,3870,2,1,3.7321627458333335,0.08634183937735267,3.551672,3.940471,0.001708888277574247,33.861875000000005,0.025054627816032973,33.81,33.91,-0.0008463514991578607,-0.04885416666666617,103.31612411514791,-804.36,469.57,62.95010788473011,0.7152072898870565,58.40376700179535,68.33739825307956
S5,3840,3900,2,1,3.6760437416666663,0.09417150613716231,3.473656,3.888034,-0.004708349943575386,33.81224999999999,0.04421467516560524,33.71,33.91,-0.0024013264119167616,0.4379557291666668,88.44515365534637,-591.45,430.28,62.936115437464395,0.7562645979789073,56.00892785976178,67.7864293203293
S5,3870,3930,2,1,3.5544321624999995,0.08792131055245421,3.396919,3.781882,-0.0029102652077293194,33.732375,0.06268127877072525,33.61,33.84,-0.0032995885345230022,0.1309270833333336,88.04992625916664,-565.71,430.28,62.83822546174133,1.40335312235767,42.20189569201838,96.27564593395361
S5,3900,3960,2,1,3.4728142333333327,0.0722631456100703,3.288209,3.706424,-0.0004847888539731702,33.668749999999996,0.045553311259080076,33.61,33.77,-0.0016727720967379012,0.008544270833333586,67.91429822064516,-565.71,427.47,62.61802702088642,1.5434283845402317,42.20189569201838,96.27564593395361
S5,3930,3990,2,1,3.460435145833333,0.08283145255964809,3.174383,3.636082,0.0005362620514244954,33.654041666666664,0.014050442361560599,33.61,33.68,0.00048082431986642016,0.31249739583333314,143.59815119928095,-1337.14,669.23,62.52565128557053,1.155248017483381,55.883808030591474,73.49829930005184
S5,3960,4020,2,1,3.550755220833333,0.1064911336922253,3.174383,3.776766,0.002908164636538808,33.68125,0.0344495403936451,33.61,33.77,0.0017211062692059143,0.19548697916666669,203.2110117803001,-1337.14,788.05,62.567701206638546,0.8471490719666078,58.360945845659494,68.79680225126747
S5,3990,4050,2,1,3.7099172499999997,0.16586417785574586,3.444241,4.054443,0.006451355690202961,33.736374999999995,0.04517310455348505,33.65,33.81,0.001935710689421685,0.14555989583333423,220.04108332628536,-1450.07,788.05,62.62514457991379,1.8392751320998637,43.87482193696061,102.43534546239398
S5,4020,4080,2,1,3.8919310625,0.18049468180838069,3.444241,4.246285,0.007781983268806728,33.77725,0.027308805051363436,33.71,33.83,0.0004674039479855083,0.3183645833333337,185.2949826669469,-1450.07,778.13,62.59049409667398,1.8792581606101069,43.87482193696061,102.43534546239398
S5,4050,4110,2,1,4.08671615,0.18418618900108705,3.842139,4.738588,0.007516639920831965,33.775416666666665,0.02521229307743061,33.73,33.83,-0.0004605982742755501,-0.6717031250000001,185.99882329605217,-784.5,681.53,62.52627231647463,0.787704601606733,57.358521598799946,67.23838189605696
S5,4080,4140,2,1,4.135489454166667,0.1530800203275166,3.990406,4.738588,-0.0008569615878748009,33.74679166666667,0.028374694075689093,33.68,33.81,-0.0014111876942306933,-2.3882161458333333,291.45057956651317,-1617.86,1789.0,62.51554955299223,0.6890675492082862,57.87054518492115,66.1362230551458
S5,4110,4170,2,1,4.150579375,0.13331999275834203,3.899601,4.68871,0.0045837275022135625,33.700666666666656,0.03504124553849258,33.65,33.77,-0.0018510738033648711,0.5754479166666665,294.63859000849703,-1617.86,1789.0,62.51586868943586,0.9976616018866992,52.78257288158659,75.0133321483588
S5,4140,4200,2,1,4.258778008333333,0.12453255885262803,3.899601,4.68871,0.003569861761488889,33.65895833333333,0.023508826652037636,33.61,33.71,-0.0010586815743329812,2.1419739583333333,265.15634079581895,-988.07,784.06,62.45051638389437,1.024279853494938,52.78257288158659,75.0133321483588
S5,4170,4230,2,1,4.299979875,0.07258686767126714,4.094001,4.517331,0.00022809802947968634,33.64066666666667,0.013828312341793061,33.61,33.68,-0.00038257608639030363,-0.4159531250000004,273.6644999507797,-1317.83,1304.01,62.41190012886956,1.0221675355237845,52.51666402200353,78.28793010419933
S6,660,720,1,0,2.37332715,0.11475237027901647,2.12316,2.656479,-0.0052046410736297484,31.526833333333332,0.06572649558756523,31.41,31.63,0.003724092432160078,0.11501822916666686,46.202935339196806,-224.11,265.23,63.432031769768535,3.0848675918221353,43.87482193696061,97.63708311906906
S6,690,750,1,0,2.1497176916666665,0.1800711316546092,1.818012,2.479985,-0.010301707175471795,31.629,0.054823960698463625,31.51,31.75,0.0030661643431309535,-0.18822916666666675,26.96078837847939,-100.98,230.23,63.06409959887551,1.5220833145537906,52.21110992882645,79.33473388119481
S6,720,780,1,0,1.8845116249999998,0.13969981063916198,1.65175,2.128276,-0.007176273542943469,31.740333333333336,0.07924574997366675,31.61,31.91,0.004471466518515791,0.1671536458333334,38.199306727693276,-335.97,205.38,63.135636086114474,2.120533974038911,45.4972526643093,88.89319434017432
S6,750,810,1,0,1.6457189916666664,0.14360483574190064,1.402157,1.890912,-0.007504302505251827,31.88666666666667,0.09285592184789399,31.71,32.05,0.005288147363669835,0.23206510416666676,37.56271810018394,-335.97,205.38,63.18119146813421,2.095273172396926,45.4972526643093,88.89319434017432
S6,780,840,1,0,1.4213727166666665,0.11958154540191972,1.221826,1.673492,-0.006831291116165205,32.02183333333333,0.06447200081344596,31.89,32.11,0.003544367089706453,-0.5647421874999999,25.569181905546948,-118.9,166.46,63.078241078135804,0.7476228919589137,55.794264938253285,69.26759704219572
S6,810,870,1,0,1.2132193958333333,0.12323767649602596,1.0108,1.402157,-0.007087525128908504,32.12316666666667,0.05593125741082054,32.03,32.23,0.003061997604125345,-0.22589062500000007,27.420342357236116,-118.9,166.46,63.112631065216334,0.6970682839991953,56.1159513863928,69.26759704219572
S6,840,900,1,0,1.0364506958333333,0.08227493743704692,0.918617,1.219268,-0.004639094065869205,32.223333333333336,0.06391835069489543,32.09,32.34,0.0036067292834942415,0.3968619791666666,20.750364942114878,-59.49,70.27,63.08671948913705,0.4750999181947789,60.07495318350236,66.70832032063167
S6,870,930,1,0,0.9241739166666666,0.052378113627908125,0.835486,1.015817,-0.00300255693328009,32.35025,0.08410769386130279,32.23,32.53,0.004750429694959928,-0.060906250000000016,19.008103839534975,-63.33,50.94,62.9784635931569,0.37996505814343307,59.715994507334464,67.7421582177598
S6,900,960,1,0,0.8393491625,0.046454658255060136,0.758749,0.922454,-0.0026789913939478187,32.50675,0.10040885170143105,32.33,32.68,0.005734891230750638,-0.0009062500000000343,17.724804840297328,-63.33,50.94,62.9291719932253,0.45590998424637696,59.715994507334464,71.90966555338719
S6,930,990,1,0,0.7595164333333334,0.045590318685592546,0.679455,0.836765,-0.0026302464313616557,32.69025,0.11433476068108119,32.49,32.89,0.0065379607284850455,0.039554687500000026,17.692422341706685,-53.4,63.23,62.85508689011479,0.4932143240550171,59.62382074305537,71.90966555338719
S6,960,1020,1,0,0.6916471916666667,0.03417971981935971,0.633413,0.761307,-0.0019271122588933813,32.876583333333336,0.09956987356737051,32.68,33.05,0.005678084688970001,-0.04365104166666664,21.121623554209275,-115.16,63.23,62.830479138846826,0.5255508376290835,57.39337940912697,66.9552089086428
S6,990,1050,1,0,0.6330982125,0.035036913765232575,0.570744,0.685849,-0.001989664166044555,33.047,0.09750726468662067,32.87,33.23,0.005570652268268573,0.03734374999999998,22.441774017874256,-115.16,61.6,63.000690866406785,0.8068278557298328,54.26785420486054,73.87151006985034
S6,1020,1080,1,0,0.5751140458333333,0.03240683173360826,0.524702,0.637249,-0.0018576682286150824,33.20133333333333,0.08234008069518142,33.05,33.33,0.004671053316897629,0.09191927083333339,20.557881528917918,-91.78,49.3,63.077853923250345,0.7454519459748863,54.26785420486054,73.87151006985034
S6,1050,1110,1,0,0.5437706083333332,0.02180993349286659,0.504239,0.580907,-7.80708310908187e-05,33.33841666666667,0.07949838398078002,33.21,33.5,0.004486952898487687,-0.06320572916666671,26.33706403312182,-95.95,111.66,63.04673171774046,1.0027228154342898,50.93132631298737,70.75309180523492
S6,1080,1140,1,0,0.539281125,0.020821281538993746,0.504239,0.580907,0.00011586265039323879,33.48066666666667,0.08764258224300647,33.31,33.61,0.004948558134689458,-0.2720364583333333,38.912931750452024,-203.46,177.93,63.27070485593429,2.579201820961625,45.09988913511872,88.24397996464121
S6,1110,1170,1,0,0.5371722875000001,0.012812848803246056,0.511844,0.594975,-0.00036261497074602,33.602999999999994,0.05640035460881378,33.49,33.71,0.003142276775638149,0.08682031250000002,46.69729370581211,-235.2,200.7,63.34021801555597,2.705243841474971,45.09988913511872,88.24397996464121
S6,1140,1200,1,0,0.5231199375000001,0.018621280506459822,0.482428,0.594975,-0.000963027547353251,33.66633333333333,0.027626476833324722,33.59,33.73,0.0012903001788222717,0.30104166666666654,39.84600972622516,-235.2,200.7,63.2624110956557,1.4427074770234198,47.93745925682754,78.74642849044012
S6,1170,1230,1,0,0.49313407500000006,0.02457716740006955,0.429992,0.529749,-0.0011528884980642,33.724083333333326,0.04716099789256285,33.66,33.84,0.002524418826715622,-0.12484895833333333,38.438689768552464,-213.51,129.77,63.5326669780039,2.205395277205333,48.11444689487763,99.58915603618699
S6,1200,1260,1,0,0.4594232166666667,0.02537676324356048,0.418481,0.514402,-0.0011806104168475115,33.82016666666666,0.06112805320709008,33.73,33.91,0.003386031007482577,-0.10148177083333333,37.04741203451864,-213.51,129.77,63.385857631207735,2.1395896856479673,48.11444689487763,99.58915603618699
S6,1230,1290,1,0,0.42500362499999994,0.02227766422210166,0.390344,0.476034,-0.001232526526502197,33.88666666666666,0.024910952522044432,33.83,33.93,0.0007351516519385888,0.12749739583333333,27.422199743328655,-121.7,116.5,63.07336335193883,0.9597645410721999,52.23983154643591,75.53806987208503
S6,1260,1320,1,0,0.3981084708333333,0.010971366115521618,0.380113,0.418481,-0.0005108684334797492,33.8795,0.025653134961117055,33.83,33.93,-0.001216132224517481,-0.1343359375,34.38964733733256,-239.64,123.25,63.17517760541231,1.5599336069024399,28.39013913315678,76.909037180295
S6,1290,1350,1,0,0.3872534958333333,0.012437685242170905,0.368602,0.478591,-4.276323026441476e-05,33.849250000000005,0.019414878315352584,33.81,33.89,-0.0006079966666090446,-0.9025833333333334,45.95881233782561,-391.83,236.62,63.357876411036585,3.540806290072125,28.39013913315678,107.0
S6,1320,1380,1,0,0.3902697166666666,0.017446936337164057,0.367323,0.478591,0.00024127906040035034,33.87866666666667,0.04905665658761795,33.81,33.99,0.002602406291776071,0.23737239583333317,66.42143030684565,-391.83,354.23,63.38237257466105,4.903639479018555,32.863353450309965,107.0
S6,1350,1410,1,0,0.38166871666666663,0.018561757480854434,0.357092,0.45557,-0.000716996482577822,33.952000000000005,0.043924177093411516,33.84,34.05,0.002343374016910052,0.7191223958333333,68.74163228687681,-451.67,354.23,63.213732465264954,4.429901557586603,34.14674215792775,96.0728889958036
S6,1380,1440,1,0,0.3604968458333333,0.010749848467400177,0.334071,0.386507,-0.0005032104185836585,34.010000000000005,0.03138470965294966,33.95,34.05,0.0016373895380126853,-0.06072656249999984,50.11937957442443,-451.67,352.41,63.15852154465368,3.0005398892282433,45.12205669071391,90.38252043398657
S6,1410,1470,1,0,0.3387495416666667,0.016297557128751864,0.314887,0.380113,-0.0009186139620479563,34.034416666666665,0.01606216223164001,34.0,34.07,7.25707043525613e-05,0.1078593749999999,29.977707297135392,-228.75,352.41,63.109075264815274,1.6342156793237115,45.12205669071391,86.03487664894976
S6,1440,1500,1,0,0.31709285833333334,0.009026822785265988,0.303376,0.339187,-0.0005056827687980657,34.02933333333333,0.01824524291120465,33.99,34.07,-0.00030917203423698453,-0.06025781250000005,12.82288772855622,-38.64,45.11,63.06752597380852,0.4526321644795329,60.572270883631234,65.89385403814228
S6,1470,1530,1,0,0.30323224583333336,0.009657348374100035,0.27396,0.316166,-0.0004770215680827833,34.01691666666667,0.01961274387285471,33.99,34.05,-0.0005436899946179853,0.020072916666666624,21.48212830846492,-153.53,100.28,63.15194387986359,1.6724498082834116,51.86520991955976,98.05100713404222
S6,1500,1560,1,0,0.27886824583333336,0.02004699791474356,0.248382,0.308492,-0.0011238147693536317,34.010416666666664,0.01781365736980699,33.99,34.05,9.93072796375929e-06,0.046622395833333295,24.04852012778711,-153.53,100.28,63.18504080116365,1.6686740610291064,51.86520991955976,98.05100713404222
S6,1530,1590,1,0,0.25286854583333335,0.009907266273527017,0.23815,0.276518,-0.0005419115904790014,34.01183333333333,0.016782100252617057,33.99,34.05,-4.555634646435175e-05,0.0027604166666667243,19.967614475666586,-58.8,32.53,63.14029225180227,0.3421052815513738,60.778285596090974,65.06150935845248
S6,1560,1620,1,0,0.24064931666666667,0.005065333910486282,0.230476,0.253497,-0.0002690262817062813,34.00175,0.018826510563564765,33.97,34.03,-0.0005486900814250283,-0.021937499999999957,20.99788589423573,-100.68,78.61,63.19261136502155,1.3102616288423923,46.33573135281238,89.35882720806042
S6,1590,1650,1,0,0.23521362916666666,0.0023984743310382388,0.227918,0.244545,-8.315642806298767e-05,33.98075000000001,0.02125882169829748,33.93,34.03,-0.0008435563117414159,-0.02144010416666664,19.664030464225156,-100.68,78.61,63.21834839662496,1.3907465631617415,46.33573135281238,89.35882720806042
S6,1620,1680,1,0,0.23219202083333332,0.0029766244828775333,0.225361,0.236871,-0.00012881001232660388,33.96083333333333,0.018008485654144875,33.93,34.0,-0.0005961214604422023,-0.02270312499999999,16.682549608591465,-70.35,60.37,63.22928177628304,0.5982692164922578,58.08614292583042,69.94998213009065
S6,1650,1710,1,0,0.2261705208333333,0.005235250173063934,0.212571,0.236871,-0.0002875068681747973,33.950833333333335,0.014467396294964355,33.91,33.97,-0.00010986301845554948,-0.025919270833333462,19.40754801452752,-127.69,93.29,63.25610956874013,0.5293649285166998,57.0701322935211,67.55738301621814
S6,1680,1740,1,0,0.21748977916666667,0.005377874885931489,0.206176,0.227918,-0.0002972555270056755,33.950583333333334,0.015826972406482353,33.91,34.0,0.000148127571658951,0.00814322916666658,21.862807889610774,-127.69,93.29,63.18724624567747,0.5710328841537144,57.0701322935211,67.55738301621814
S6,1710,1770,1,0,0.2124804125,0.005217424402168539,0.198503,0.225361,1.3245835865206122e-05,33.97266666666666,0.027740864362083943,33.91,34.05,0.0013841906977552889,-0.20660156249999992,32.085862392272254,-156.1,230.37,63.184237197114726,1.3801354953088272,50.41825066382212,78.45380806563821
S6,1740,1800,1,0,0.21372209583333332,0.005954283952470632,0.198503,0.231755,0.00011061707842150081,34.03541666666667,0.04949572091493297,33.95,34.13,0.0027469226896295633,-0.046760416666666624,41.68229262422294,-343.95,322.79,63.155031968742506,1.9026460593376486,50.41825066382212,83.01204731844649
S6,2460,2520,2,1,8.179207420833333,0.32664722312225014,7.348423,8.936101,-0.005570866197329895,33.42208333333333,0.03605310512132004,33.33,33.47,-0.0019335752356817735,0.1690104166666667,43.95015021613379,-300.7,236.91,62.995129261520816,2.5679599862440914,37.21558813185679,89.56003573022959
S6,2490,2550,2,1,8.5124192,0.5681018026820046,7.348423,9.352974,0.026575454928036948,33.355,0.04466542286825307,33.29,33.43,-0.0024447646660529982,-0.206028645833333,62.47659676317649,-300.7,361.93,62.93244939973275,2.940121179488604,37.21558813185679,89.56003573022959
S6,2520,2580,2,1,8.980040995833333,0.31044396053252643,8.232682,9.861891,0.005196975532561314,33.290083333333335,0.03231346038761934,33.23,33.34,-0.0016938488515427159,0.41573437499999966,73.43926203830976,-299.41,361.93,62.903295599090555,3.661651873144347,35.2845575287547,105.57461816175325
S6,2550,2610,2,1,9.019314420833332,0.27735191145635485,8.232682,9.861891,0.003768316969044545,33.23341666666667,0.03980150401960085,33.16,33.31,-0.0020958002743102755,0.372354166666666,62.94612302132858,-222.22,335.14,63.028246633760396,3.976823641283611,35.2845575287547,105.95281968876525
S6,2580,2640,2,1,9.118466691666667,0.1959831462431483,8.710944,9.700745,0.00508841468081036,33.17166666666667,0.03914361023490509,33.09,33.25,-0.002082397263841353,-0.5483828125000002,42.452928486716274,-222.22,257.51,63.06787865297065,3.561582473307208,38.961519477556315,125.05198918849712
S6,2610,2670,2,1,9.236347320833334,0.17268600523860617,8.771054,9.719929,0.0012807838243719637,33.115750000000006,0.03208484844907225,33.07,33.18,-0.0016881543082345456,-0.0905416666666668,41.76738655835353,-320.87,257.51,63.18013552680145,3.2584275064825086,38.13135192987524,125.05198918849712
S6,2640,2700,2,1,9.108313070833335,0.2405030297334093,8.498639,9.719929,-0.008949289874824266,33.067166666666665,0.032356950137833844,33.0,33.13,-0.0016300282991024142,0.10035416666666644,39.706618089216555,-320.87,227.13,63.245961067082796,2.5574589343814575,38.13135192987524,98.75727821279807
S6,2670,2730,2,1,8.905519166666666,0.19100653830293932,8.269772,9.321,-0.0024506769700863035,33.01775,0.03392301332920321,32.95,33.09,-0.0016939877428425775,0.4843437499999999,40.14283622898157,-262.39,160.8,63.18910646695189,2.6218931916115142,38.34057902536163,98.75727821279807
S6,2700,2760,2,1,9.016919870833334,0.25744431992559896,8.269772,9.647029,0.007785831957151887,32.974833333333336,0.027171778660138667,32.91,33.03,-0.0012914113092242858,-0.020322916666666656,46.050667275973225,-262.39,264.87,63.13890725805939,2.5668671420315117,47.095647357266465,93.34880824091971
S6,2730,2790,2,1,9.084619962500001,0.18685811375491415,8.373303,9.647029,-0.004764310843938254,32.92208333333333,0.04394875488060583,32.84,33.0,-0.0024335839163874815,-0.4280729166666667,34.51500690422718,-208.33,264.87,62.999812826930295,1.8256392775541928,47.16990566028302,84.970583144992
S6,2760,2820,2,1,8.963421320833334,0.09748556932926651,8.74036,9.154635,-0.0029731289553638156,32.8605,0.03390796366637091,32.81,32.93,-0.0017698918384001527,-0.15846354166666668,20.801979277416027,-111.33,73.9,62.929404297150775,1.2157695666014745,49.51767361255979,84.970583144992
S6,2790,2850,2,1,8.756473375,0.1942174897152487,8.446203,9.093349,-0.009053526908453326,32.81366666666666,0.027414513593269057,32.75,32.87,-0.0014226635879093059,-0.19460937500000006,30.564808407258372,-111.33,109.46,62.91442718437549,0.9193283210661032,52.78257288158659,67.66091929614909
S6,2820,2880,2,1,8.598507120833334,0.11527802749815146,8.386155,8.911738,-0.000691289149117168,32.775333333333336,0.025525586292102734,32.73,32.83,-0.0012661330925883521,-0.10333593750000003,30.146264496887714,-116.55,109.46,62.96174564392483,0.793096549216926,55.910642993977454,72.069410986909
S6,2850,2910,2,1,8.7268229375,0.2174982787457759,8.386155,9.563897,0.005950805310855967,32.73891666666667,0.02632476126303151,32.66,32.79,-0.0013009253632876667,0.02764843750000005,22.87656368212773,-116.55,99.16,62.95290141579946,1.201958124326859,44.41846462902562,83.2946576918352
S6,2880,2940,2,1,8.796408175,0.236384172479785,8.349003,9.563897,-0.0016584964912585815,32.69016666666666,0.03418048501053715,32.63,32.75,-0.0017816975989167093,0.4517395833333333,30.152607790325256,-178.71,206.86,62.833811326396216,1.4111416886725845,44.41846462902562,83.2946576918352
S6,2910,2970,2,1,8.811207445833334,0.202312261361751,8.349003,9.26089,0.004127771279015214,32.63375,0.0344495403936426,32.57,32.71,-0.001791072761679836,0.13984635416666666,35.875844417360895,-178.71,206.86,62.84471559569996,1.6381051133102418,38.781438859330635,91.40568910084318
S6,2940,3000,2,1,8.836482504166668,0.19217255917798634,8.260818,9.249379,-0.00414023510998456,32.578250000000004,0.03689314525310486,32.5,32.66,-0.001966214691227567,-0.4001666666666665,45.33414840535652,-252.07,231.35,62.93833292335866,2.051193472542291,38.781438859330635,99.26731586982696
S6,2970,3030,2,1,8.6321972375,0.2507547321979642,8.062582,9.249379,-0.00994084004409797,32.51616666666667,0.0384747391876218,32.45,32.59,-0.002086425111547264,-0.11839583333333327,45.42490394217489,-252.07,231.35,62.94225842646565,2.347365546596273,36.565010597564445,99.26731586982696
S6,3000,3060,2,1,8.312310029166667,0.2161249183688567,7.646068,8.768559,-0.009117551851594576,32.457750000000004,0.03126399686540484,32.41,32.53,-0.0016527370266846116,0.07597656249999997,34.364535935116436,-165.38,185.53,62.91845018951811,2.0678291553692407,36.565010597564445,82.64381404557754
S6,3030,3090,2,1,7.997655091666667,0.20064302838598688,7.646068,8.453939,-0.010155973058560053,32.40983333333333,0.030413355984209325,32.34,32.47,-0.0015822496918349574,0.18615364583333338,34.44797606570331,-165.38,177.98,62.94283867049108,1.7749993240934396,39.92492955535426,85.43418519538885
S6,5580,5640,3,0,1.9944369791666665,0.08230102281763413,1.788597,2.17176,-0.0032838139846178022,32.416999999999994,0.01686218649325611,32.39,32.45,-0.0006019548950505511,0.038268229166666744,24.998318573579667,-271.27,114.14,62.96779256244335,2.24497490255537,44.474711915874174,82.0
S6,5610,5670,3,0,2.0438365666666667,0.11429999008648495,1.788597,2.211927,0.005502795357558289,32.40416666666666,0.01469599340712289,32.37,32.43,-0.0001354190176915608,-0.037656249999999926,32.4710960241079,-271.27,252.99,63.11909806915185,2.9454733241801407,43.04648650006177,104.31203190428226
S6,5640,5700,3,0,2.1040801208333333,0.050550018825560955,2.020086,2.211927,-0.00256266621816352,32.39316666666666,0.014831460555933448,32.37,32.43,-0.0003798677060364771,-0.12095052083333338,22.31615064924135,-135.2,252.99,62.73554216044859,1.9847543511921968,43.04648650006177,104.31203190428226
S6,5670,5730,3,0,2.0534445875,0.06284581399478684,1.962533,2.246459,0.0003938413184256522,32.37466666666667,0.01966101613741049,32.34,32.41,-0.0008682095175262884,0.09937760416666647,11.85988928740477,-82.0,88.77,62.749902020873265,0.5096000433063381,58.728187440104094,69.57729514719583
S6,5700,5760,3,0,2.0325658041666665,0.06696007573838918,1.962533,2.246459,-0.00042383612736333356,32.35025,0.020553284409066112,32.31,32.39,-0.0009248077223561451,-0.047557291666666814,12.063770821306635,-82.0,88.77,62.71102487357492,0.49661870605091557,58.728187440104094,66.53570470055908
S6,5730,5790,3,0,1.9913358666666665,0.042952948320018995,1.920328,2.104496,-0.0021722365874407715,32.332,0.01187434208703812,32.31,32.37,-0.00037347870622765275,-0.09893489583333331,10.855463787781929,-70.02,90.21,62.56295189177376,0.4754039555311536,56.868268832451726,68.94200461257273
S6,5760,5820,3,0,1.8616989499999999,0.11661105543628429,1.617218,2.045664,-0.005274503675411028,32.323,0.012288205727444029,32.31,32.34,-0.00018611434226278395,0.006421874999999948,115.64166539136613,-600.95,653.83,62.770978659177345,2.7182961579700757,41.48493702538308,101.01980003939822
S6,5790,5850,3,0,1.7831025625,0.05678426782477778,1.617218,1.928002,0.0013406507560895006,32.328833333333336,0.014211693151142325,32.31,32.37,0.0006232052639801299,0.00938020833333327,118.22833993432486,-600.95,653.83,62.86645422485779,2.7384370287678177,41.48493702538308,101.01980003939822
S6,5820,5880,3,0,1.7579872875000002,0.05635653424046328,1.661981,1.852544,-0.003092578171496012,32.340500000000006,0.011169153951843777,32.31,32.37,8.166808451507352e-05,0.1333619791666667,30.803954221857694,-221.07,160.19,62.71424059990345,0.585915361426764,57.91372894228103,67.62396025078685
S6,5850,5910,3,0,1.6522180166666667,0.07223493383011705,1.426457,1.766855,-0.003868310904703206,32.33941666666667,0.013247379195733062,32.31,32.37,-0.0001728502230940297,0.19327083333333336,25.53735341122032,-182.63,171.05,62.91828055443622,1.31016585715501,48.062459362791664,76.30203142774116
S7,120,180,1,0,5.712734141666667,0.16090450152902788,5.383298,6.054589,-0.006959982461501057,33.00983333333333,0.03288827889824674,32.95,33.07,-0.0016753068629667127,0.3488776041666668,33.36116451547772,-226.31,234.46,62.96243877328274,1.1906981372094412,51.61395160225576,72.61542535852834
S7,150,210,1,0,5.500675270833333,0.11695929653917701,5.333407,5.782108,-0.004684603651105044,32.974666666666664,0.01811690432226785,32.95,33.0,-0.0003016719040262508,-0.024973958333333223,32.58329712139957,-226.31,234.46,62.893223573262176,1.1597554614331127,51.61395160225576,72.61542535852834
S7,180,240,1,0,5.357388141666666,0.07817061806419512,5.24258,5.540646,-0.004311590597058999,33.023999999999994,0.07083313725462956,32.95,33.16,0.003828955363807956,-0.08572135416666668,13.112220903864133,-34.76,29.41,62.85909481012197,0.33824249500974407,61.91930232165088,64.62197768561404
S7,210,270,1,0,5.166338016666667,0.18284937927430794,4.782682,5.341083,-0.009080111835274868,33.15599999999999,0.10015321595768496,32.99,33.41,0.005542318443028507,-0.06340624999999998,15.35102405010963,-69.03,111.72,62.8339210060273,0.65066966144087,56.515484603779164,68.09552114493287
S7,240,300,1,0,4.861312466666667,0.22518501509325367,4.576722,5.251535,-0.012251903800413215,33.38733333333333,0.1748415155378029,33.15,33.66,0.009989062310109575,-0.010424479166666644,15.20531442703589,-69.03,111.72,62.66769387995533,0.629763528271861,56.515484603779164,68.09552114493287
S7,270,330,1,0,4.6125199875,0.08466642135549181,4.482058,4.780123,-0.004791795091928675,33.636833333333335,0.11228671139344816,33.41,33.81,0.006324832028333948,0.028067708333333333,13.584049303686987,-53.09,25.81,62.63049410652408,0.5137278520628825,53.46026561849464,68.19090848492928
S7,300,360,1,0,4.680362995833334,0.15381008564765017,4.482058,4.918283,0.007659447717842348,33.7535,0.042537238587697736,33.66,33.83,0.0015319710411639373,-0.04541406250000002,13.333953886031038,-61.39,58.42,62.896308332336616,0.6027041814270476,53.46026561849464,68.19090848492928
S7,330,390,1,0,4.887281875,0.09545443067973698,4.557534,4.986083,0.00495571668952585,33.84816666666667,0.08359608576695178,33.73,34.0,0.004112571398809074,0.011190104166666662,10.96482087344691,-61.39,58.42,63.02147998964944,0.3634864704703575,60.44832503882965,65.95452979136459
S7,360,420,1,0,4.937199308333334,0.03701067519700588,4.868392,4.996317,-0.0010860529557804866,33.98166666666667,0.07996179643360261,33.81,34.11,0.0036067292834942952,0.011851562499999958,22.568615727788696,-156.27,140.24,62.989086343294076,0.7263647869424882,59.270566050949775,69.31089380465383
S7,390,450,1,0,4.898784445833333,0.042418829804860655,4.781403,4.996317,-0.0017408164950780064,33.95716666666667,0.10198188837021772,33.79,34.11,-0.005518151356794597,0.043880208333333365,29.110783281755175,-156.27,140.24,62.97883824089681,1.07009368450597,50.70502933634887,71.449282711585
S7,420,480,1,0,4.819401554166666,0.06623293068630637,4.731512,4.913166,-0.0034461519696522194,33.998000000000005,0.16284757699558608,33.79,34.31,0.00737179464921251,0.031200520833333415,21.646862150912884,-91.51,69.96,62.90292062899484,0.8423511791657241,50.70502933634887,71.449282711585
S7,450,510,1,0,4.743328758333333,0.020392843483272888,4.688017,4.783961,-0.0010744946995607735,34.28999999999999,0.19061304607327748,33.84,34.53,0.010680185419885805,-0.003940104166666654,12.869137355411752,-33.54,34.79,62.884671390814354,0.4010142174879953,61.106464469808756,64.26507605223851
S7,480,540,1,0,4.752656683333332,0.041405588646740155,4.688017,4.933633,0.0007276082605600965,34.454166666666666,0.08536766887346128,34.25,34.59,-0.0008475147137969535,0.022273437500000017,30.655550760174037,-186.74,187.12,62.973466582620446,1.8432891528240805,52.583267300539625,94.39279633531363
S7,510,570,1,0,4.751254845833333,0.041888496554110595,4.694413,4.933633,-0.0017856491241167436,34.3395,0.13967134041503804,34.18,34.59,-0.00748651886317491,-0.07957291666666665,31.51301474647181,-186.74,187.12,62.97522333276941,1.8403453990527472,52.583267300539625,94.39279633531363
S7,540,600,1,0,4.7072698875,0.02155129650314593,4.667549,4.806987,-0.0010725295144013189,34.24883333333334,0.04743738563154143,34.18,34.39,0.0017019739926039839,-0.04710937499999997,13.677224709672299,-44.13,70.96,62.93851891394879,0.8447900637693018,43.42810150121693,75.33259586659682
S7,570,630,1,0,4.6391817374999995,0.07038626208159225,4.476941,4.799312,-0.0024182137103074225,34.33433333333333,0.07499703697850667,34.18,34.45,0.0035200611121719736,0.17406249999999995,40.06324736115501,-313.46,267.91,63.07746148694371,2.515161995405659,37.70941526992961,82.18880702382776
S7,600,660,1,0,4.607648166666666,0.05427190937351679,4.476941,4.799312,0.0013592306949772883,34.2915,0.12063477939632417,34.05,34.45,-0.006622059410753566,0.13907552083333324,45.65343411524625,-313.46,267.91,63.07984541511389,2.580531742103383,37.70941526992961,82.18880702382776
S7,630,690,1,0,4.672394241666667,0.06023067415009505,4.575443,4.76861,0.0029524275560339377,34.055166666666665,0.14927035502365849,33.84,34.33,-0.008525425788642094,-0.19559375000000004,30.187506493470014,-226.31,149.24,62.922033394499365,1.0564804785261286,51.048996072400875,80.1373820385967
S7,660,720,1,0,4.728835900000001,0.04333060708184997,4.608704,4.771169,0.0011047571971735688,33.86083333333333,0.07546062254948228,33.77,34.05,-0.004174239136095959,-0.17554166666666676,26.572282171668352,-174.45,111.37,62.89275044365522,0.699973189086412,58.35237784358063,73.79024325749306
S7,690,750,1,0,4.731410425000001,0.03175572466439781,4.638126,4.771169,-0.0006347696210003166,33.781666666666666,0.025309199030304128,33.73,33.84,-0.0011011302279549898,0.07385416666666661,23.151590558875558,-174.45,111.37,62.91820525891062,0.7664645007602581,58.35237784358063,73.79024325749306
S7,720,780,1,0,4.711688641666667,0.027978806853073586,4.638126,4.757097,-0.0006984771749509605,33.846333333333334,0.10614403212406895,33.73,34.11,0.005476761749335708,0.14729687499999994,16.881633874612035,-119.03,80.02,62.945355107005724,0.5968490481528629,59.016946718718,68.41052550594829
S7,750,810,1,0,4.709215429166666,0.018079088857802406,4.638126,4.744304,0.00037805380128127836,34.062333333333335,0.1532793383191471,33.79,34.27,0.008638483307001638,-0.03107291666666677,13.412778320927766,-44.82,58.52,63.01146567261279,0.3818622646181296,60.08327554319921,65.00769185258002
S7,780,840,1,0,4.720025095833333,0.01033577584388241,4.686738,4.748142,0.00013296632754038705,34.2885,0.10235273974512517,34.13,34.45,0.005472039445129249,-0.23697395833333335,13.307119742569082,-45.87,43.23,62.991444281528125,0.38369018813597044,60.440052945046304,65.06919393998976
S7,810,870,1,0,4.4998462041666665,0.27816277167669734,4.055328,4.758376,-0.01400010892723824,34.273,0.13017040114147788,33.99,34.45,-0.006385110852618867,0.03312760416666668,16.38738614676851,-125.12,123.95,62.788055383081264,0.8330398416558483,55.29014378711634,76.90253571892151
S7,840,900,1,0,4.1872543,0.19559257205677572,3.979852,4.758376,-0.006720034490182146,34.079166666666666,0.10921373031303747,33.97,34.31,-0.005643709092171722,0.16150520833333332,16.719787554252832,-125.12,123.95,62.65955592678622,1.0615677359211242,50.78385570237849,76.90253571892151
S7,870,930,1,0,4.169528241666667,0.08988080006249904,3.979852,4.300945,0.004867599343738534,33.9865,0.02080264406271459,33.95,34.05,-0.00015361377801723552,0.005802083333333354,10.831731960925223,-105.86,58.5,62.82891098475852,0.8309298822945516,50.78385570237849,73.37574531137656
S7,900,960,1,0,4.255707120833334,0.04100458191559692,4.162786,4.325251,0.0007619058507960046,34.064,0.0949420876113428,33.95,34.23,0.005149533846073633,-0.016510416666666687,9.569058587441686,-66.68,98.84,62.9089625576449,0.6356859189094897,55.65968020030299,71.18286310622803
S7,930,990,1,0,4.2551900625000005,0.07293363588010628,4.106498,4.368745,0.00017530876056876256,34.226,0.09121768834314307,34.03,34.34,0.004935085678571071,0.015666666666666655,22.778461552558568,-158.36,147.96,62.83814088475577,0.9463901490676645,53.45091205957107,75.45859791965393
S7,960,1020,1,0,4.297805125,0.08796550681247758,4.106498,4.42759,0.004302460025347639,34.27916666666667,0.03887122614765639,34.21,34.34,-0.0013508567857082887,-0.01298177083333334,24.586103740216092,-158.36,147.96,62.84451744477139,0.9609359849426587,53.45091205957107,75.45859791965393
S7,990,1050,1,0,4.358404308333333,0.02099267531100464,4.317575,4.42759,0.0004943760933349627,34.205499999999994,0.05438826466558249,34.11,34.29,-0.00278365943853215,0.0011953125000000306,15.141489467181547,-78.94,79.01,62.88072592565769,0.669837340195482,57.48912940721924,70.2922470831599
S7,1020,1080,1,0,4.368281183333333,0.02002065194866843,4.334205,4.440383,0.0004754266462959522,34.15333333333332,0.01659986613065079,34.11,34.21,-0.00036500633691554003,-0.025856770833333258,12.04135342637448,-36.06,67.17,62.91257740551916,0.5106164848098801,59.9666574022598,65.4217089351845
S7,1050,1110,1,0,4.3922565166666665,0.031087478561977154,4.34316,4.457013,0.0013314741540651303,34.16533333333333,0.03095516470998339,34.13,34.25,0.0011377975312071387,-0.012606770833333317,10.436355266644616,-31.1,67.17,62.972679548990534,0.4575355215526241,61.0163912403872,65.7723346096214
S7,1080,1140,1,0,4.385758991666666,0.055537201521667114,4.251054,4.457013,-0.0017459376343339525,34.25666666666666,0.08857514073122107,34.13,34.43,0.004805638986787955,0.002617187500000018,12.843843616824934,-134.58,115.76,62.95393769138848,0.6544399504732057,57.0,71.2460525222275
S7,1110,1170,1,0,4.285572283333334,0.09009809827480482,4.165344,4.457013,-0.004988837559679874,34.321000000000005,0.04162130864513145,34.25,34.43,1.1666869216391714e-05,-0.008932291666666632,13.024310402634205,-134.58,115.76,62.84681087293517,0.6600414897448016,57.0,71.2460525222275
S7,1140,1200,1,0,4.192256220833333,0.026292796712003293,4.152552,4.258729,-0.0013605821437871841,34.31483333333333,0.017934293654584925,34.27,34.37,0.00011694647476469827,0.04561979166666667,9.905683947088574,-26.31,25.81,62.79936004173046,0.398255591015368,60.70420084310476,65.87867636800242
S7,1170,1230,1,0,4.174890416666667,0.0392523583960428,4.089868,4.346998,0.00015383199361098456,34.320499999999996,0.01596088969951193,34.29,34.37,-0.00012472438757639965,-0.09529166666666672,14.162233872107318,-62.72,102.0,62.81799218971237,1.2384310315489029,52.09606511052442,74.83982896827064
S7,1200,1260,1,0,4.0654573208333336,0.12358124919289426,3.863531,4.346998,-0.006045425689682131,34.227833333333336,0.10510457755122875,34.05,34.34,-0.005577041268077438,-0.04852864583333337,13.785105195717293,-62.72,102.0,62.74549630937477,1.2376831407522841,52.09606511052442,74.83982896827064
S7,1560,1620,3,0,4.624957675,0.06399533734599504,4.529931,4.820321,-0.00011819517699960832,33.40433333333333,0.01321194745507,33.37,33.43,-0.00020833695029431881,-0.0027682291666666875,6.16543924736502,-18.47,12.68,62.71721312348541,0.3237651257387578,60.88513775955508,66.15889962809237
S7,1590,1650,3,0,4.633278166666666,0.058833290496939084,4.529931,4.820321,0.0011773527387627745,33.39466666666666,0.014313940369055296,33.37,33.43,-0.00046223024705312134,-0.020489583333333335,6.166065835304401,-17.14,12.57,62.80688743244512,0.2522717744200858,60.88513775955508,66.15889962809237
S7,1620,1680,3,0,4.633512708333333,0.040096277922103914,4.533768,4.730773,-0.0014392248684872912,33.37133333333334,0.022543784558546706,33.33,33.41,-0.0009516831889442942,-0.021085937499999992,6.095438624403067,-16.32,12.26,62.84037617530342,0.16181670605774193,62.185207244167,63.88270501473775
S7,1650,1710,3,0,4.569331583333334,0.05553975605614766,4.469806,4.689837,-0.0028578264865709393,33.322500000000005,0.0447818787755343,33.23,33.39,-0.0022303164985506747,0.01015364583333333,6.821304707979353,-17.44,12.79,62.76688967139748,0.1576472178156586,62.385895841928885,63.88270501473775
S7,1680,1740,3,0,4.4853646708333335,0.04732777885365861,4.41096,4.572146,-0.002536476089862676,33.2345,0.06616708648061698,33.13,33.39,-0.0037247868886611715,0.026760416666666686,7.149026020848329,-17.44,12.79,62.70268753360756,0.16475050665410754,61.97580172938467,64.31174076325411
S7,1710,1770,3,0,4.428779100000001,0.034850868629275215,4.361069,4.508183,-0.0016813136165557874,33.15883333333333,0.029949494523650616,33.13,33.25,-0.0013553013073146316,0.004684895833333358,6.99267906267877,-18.29,15.34,62.72611975562597,0.15153515390534078,61.91930232165088,64.31174076325411
S7,1740,1800,3,0,4.384058633333333,0.03773020941344244,4.331646,4.476202,-0.0019949228042153004,33.13549999999999,0.011750886491380237,33.11,33.16,-0.00021361481970179753,-0.037549479166666684,7.048716916348864,-18.29,15.34,62.764755064091815,0.13731379352641007,61.91930232165088,64.10148204214939
S7,1770,1830,3,0,4.339780566666667,0.0225279737706751,4.29071,4.387934,-0.001137545453914139,33.11800000000001,0.018690461025167623,33.09,33.15,-0.0008189031059563682,-0.007505208333333354,7.13392018553015,-34.76,17.74,62.72572001010872,0.3364756753678041,56.382621436041795,68.27151675479314
S7,1800,1860,3,0,4.310309820833334,0.01995631769048926,4.263846,4.370024,-0.0007699745985173632,33.10133333333334,0.013840359661350138,33.07,33.13,-0.0002855605132035381,0.1158333333333333,7.094361404146175,-34.76,24.72,62.66141325428842,0.4334904558213962,56.382621436041795,68.27151675479314
S7,1830,1890,3,0,4.306344129166666,0.016911496674229757,4.263846,4.348277,0.000304819637493706,33.10200000000001,0.013759844960365879,33.07,33.13,0.00010111286654289666,0.03962500000000001,7.492868669677967,-25.0,24.72,62.80906983716248,0.3858382957234021,61.424750711744856,65.19202405202648
S7,1860,1920,3,0,4.2985886791666665,0.02305258172474903,4.253613,4.348277,-0.0012175932724526693,33.094666666666676,0.019102065042525707,33.03,33.13,-0.0006955676313823182,-0.13990885416666668,8.430629283861364,-25.0,15.62,62.90922671917968,0.21776767784741755,62.080592780675026,63.7102817447859
S7,3120,3180,2,1,6.380163933333333,0.14083010474073793,6.109155,6.757735,0.002263004677164499,33.14216666666666,0.021454732707621958,33.09,33.21,-0.001015850969634485,-0.051117187500000466,73.99567301135204,-268.32,393.2,63.60238000630257,9.627746752687433,25.80697580112788,137.94564146793476
S7,3150,3210,2,1,6.462647233333333,0.20189904069283546,5.991464,7.115355,0.004703888140419068,33.11466666666667,0.020038851153584704,33.07,33.16,-0.0007716800638900912,-0.048700520833333476,66.59034199283565,-256.79,309.54,63.92249360130266,11.717162417785033,18.05547008526779,142.1442928857856
S7,3180,3240,2,1,6.574640416666667,0.21959933170344892,5.991464,7.115355,0.002618637844407066,33.09733333333334,0.01787611690372233,33.07,33.13,-0.00044222989982457584,-0.01992968750000014,73.91320008244365,-284.33,600.91,63.63977985143186,10.251640297758255,18.05547008526779,142.1442928857856
S7,3210,3270,2,1,6.607999020833334,0.20084034477496973,6.315114,7.115355,-0.0011471295734300942,33.06566666666667,0.03298316068676491,33.0,33.13,-0.0017616972516885207,-0.5066354166666671,78.21153751993157,-351.94,600.91,63.589356616500496,9.345842218130553,17.029386365926403,141.7533068397348
S7,3240,3300,2,1,6.613343645833334,0.20966072209491712,6.290808,7.115355,0.0026971061459400256,33.021166666666666,0.024569063655109736,32.97,33.07,-0.000994183926804156,-0.13821093750000024,69.24750608063655,-351.94,460.64,63.919968939050136,10.787945046711457,17.029386365926403,141.7533068397348
S7,3270,3330,2,1,6.703406241666666,0.23087564124162877,6.134739,7.299567,0.0024838396742999187,33.0045,0.015644487847161784,32.97,33.05,-8.333478010013226e-07,0.4488828125000001,69.76137152992526,-308.03,278.18,63.79998335156176,10.24845716878611,28.035691537752374,135.60604706280617
S7,3300,3360,2,1,6.7039512666666665,0.24035425011392847,6.063102,7.299567,-0.0014767021858018733,32.987833333333334,0.02415861934980723,32.93,33.05,-0.001174187051858492,-0.0686953124999999,73.27256471054723,-308.03,344.89,63.86994262427277,9.89558571647505,25.0,135.47693530634652
S7,3330,3390,2,1,6.656848558333333,0.2613187389228046,5.739893,7.221533,0.0012907037795795112,32.96483333333333,0.016582286399112925,32.93,33.0,-0.0004713970728663545,0.2805208333333332,71.48501707044677,-297.11,391.5,64.16433504796063,11.299570582683673,15.394804318340652,146.52644812456214
S7,3360,3420,2,1,6.635579595833334,0.23190185791206117,5.739893,7.126868,-0.001815721271202639,32.955333333333336,0.01586050300449338,32.91,32.99,-0.0004033403357698378,0.3535494791666665,54.182356834256844,-283.51,391.5,63.754248002940635,9.63492600280564,15.394804318340652,146.52644812456214
S7,3390,3450,2,1,6.760022895833333,0.22433030482499827,5.890403,7.474824,0.008500425047309763,32.92666666666666,0.030147784145588,32.87,32.99,-0.0015933609958510382,-0.2842265625,26.306976919863125,-132.06,178.46,63.0219305509607,3.2630856506107,32.77193921634788,138.2280724020993
S7,3420,3480,2,1,6.929538466666667,0.16225829847337203,6.631798,7.474824,0.0011037883122970652,32.870999999999995,0.035388321990922914,32.81,32.93,-0.0018516988142155415,0.21521875000000001,26.266392904282622,-99.6,127.38,62.886614961571915,0.7046810212186422,59.54829972383762,66.21933252457322
S7,3450,3510,2,1,6.9120177625,0.1237431128125498,6.631798,7.341782,-0.0017715357471484383,32.83183333333333,0.017747456781810157,32.79,32.89,-0.0006836229795657154,0.024666666666666674,38.88853385389523,-138.94,165.09,62.87278002735705,0.7238427303207878,59.0592922409336,65.93178292750773
S7,3480,3540,2,1,6.910834466666667,0.07799830873828115,6.682968,7.341782,0.0015631782982343779,32.79183333333334,0.036537271685529865,32.73,32.84,-0.001980312158197054,-0.314375,39.245734737396944,-138.94,165.09,62.87765241022109,0.6416890831374221,59.0592922409336,65.93178292750773
S7,3510,3570,2,1,6.940475745833334,0.07805592936359523,6.762281,7.169083,0.00024067304119861546,32.73633333333333,0.030874297113007324,32.66,32.81,-0.001618916995086776,0.06964843749999995,35.01258666620756,-104.68,181.18,62.879082964775,0.6145700466787595,58.489315263559035,67.23838189605696
S7,3540,3600,2,1,7.006991466666666,0.10326327048648787,6.762281,7.197227,0.0035706122536849094,32.69216666666666,0.02972606413383561,32.63,32.75,-0.0014903036511051705,0.08951302083333326,34.21682591466236,-109.21,181.18,62.86649085690263,0.6599828323354093,58.489315263559035,67.23838189605696
S7,3570,3630,2,1,7.082547275,0.054741591493345995,6.906837,7.218974,0.0009609738988524338,32.651666666666664,0.02817603394533847,32.61,32.71,-0.001419469088005006,-0.09690104166666667,30.205844988846238,-109.21,101.13,62.86107807361267,0.646278518266428,60.149812967290266,65.4217089351845
S7,3600,3660,2,1,7.1358067875,0.0711140430710349,6.906837,7.308522,0.0028022201548638277,32.61983333333333,0.018393084449203807,32.57,32.66,-0.0007880692373129199,-0.11320572916666666,36.375220749750675,-299.87,248.28,62.878960013859114,0.6377304097390353,60.149812967290266,65.86349520030045
S7,3630,3690,2,1,7.1703732166666665,0.05023039452938882,7.043717,7.308522,-0.0009081516102710297,32.60600000000001,0.014047538337136416,32.57,32.63,-0.000277782600392558,0.07853645833333335,35.28355258863132,-299.87,248.28,62.9081692152396,0.623962595123751,60.44832503882965,65.86349520030045
S7,3660,3720,2,1,7.145848895833333,0.05920903574252823,6.922188,7.27782,-0.001086154893314082,32.58766666666667,0.02100529033891776,32.53,32.63,-0.0010005729266135534,0.0661432291666667,26.203054892975306,-108.26,74.81,62.905172392569675,0.5931157231852723,60.00833275470999,66.46051459325304
S8,180,240,1,0,0.5433188916666667,0.023241656331465074,0.508198,0.59135,-0.0013291608430701929,33.44083333333333,0.021893048110201502,33.39,33.49,0.0009562666018507618,0.14235156250000008,37.38354073564589,-95.8,92.87,62.99802349764828,0.3602284780836322,61.66846844214635,64.39720490828775
S8,210,270,1,0,0.5217786833333333,0.014841311838908387,0.499243,0.577209,-0.00019489559540964205,33.471583333333335,0.022285863730674742,33.43,33.53,0.0010585600444449536,-0.021523437499999624,53.64142192457799,-386.4,195.91,62.97337638042827,4.60674466576832,22.825424421026653,134.73678042761748
S8,240,300,1,0,0.5065797666666666,0.019542670003837474,0.479986,0.577209,-0.0007508748311602605,33.5045,0.024181604578687663,33.47,33.55,0.0011675202694494656,-0.06483854166666626,54.00383986516389,-386.4,195.91,62.74611869961903,4.618983091545719,22.825424421026653,134.73678042761748
S8,270,330,1,0,0.4818139125,0.014423702116245229,0.448004,0.508129,-0.0008074631069983889,33.54775,0.03287507921410044,33.5,33.63,0.0016716262435110846,-0.06062239583333325,38.01857454481842,-138.96,102.35,62.52224275306265,0.5167956982896039,58.90670590009256,66.43794096749237
S8,300,360,1,0,0.456703275,0.01645558285201029,0.426257,0.485103,-0.0009303959374294674,33.589333333333336,0.023084386257575144,33.53,33.63,0.0010172398826367992,-0.019645833333333394,42.62358204789123,-225.37,196.91,62.52670417561,1.0397387183431397,55.072679252057455,77.25930364687478
S8,330,390,1,0,0.43166727499999996,0.013126712955180678,0.407068,0.458238,-0.0007476526710533179,33.619,0.019638397762206678,33.57,33.65,0.0008819597562459548,0.025552083333333215,42.124502520027306,-225.37,196.91,62.44292367472299,1.0059881308372904,55.072679252057455,77.25930364687478
S8,360,420,1,0,0.41044240000000004,0.011544439399843835,0.389159,0.431374,-0.0006590895119706939,33.644749999999995,0.015862035388518592,33.61,33.68,0.0007023038594417471,0.060460937500000034,35.410194472411405,-76.67,48.43,62.41128745997094,0.4100935936359989,61.36774397026503,63.63961030678928
S8,390,450,1,0,0.3942172583333334,0.0074237379909492945,0.380204,0.410906,-0.00039926808104307187,33.66558333333333,0.013527492581981698,33.63,33.68,0.0006274414486362072,-0.028559895833333352,43.21338156021591,-223.43,334.89,62.48941257842062,0.9560024079086125,53.1224999411737,71.0
S8,420,480,1,0,0.384329725,0.006067914352645531,0.367412,0.394276,-0.0002874182954565212,33.690250000000006,0.022526373432046394,33.66,33.75,0.0009741141339256951,0.029877604166666686,49.25345033821889,-223.43,334.89,62.60808667355317,1.5943859037848582,50.695167422546305,78.8986691902975
S8,450,510,1,0,0.37021002500000005,0.011856520203361032,0.350781,0.389159,-0.0006731740933002313,33.71425,0.021278412378119227,33.66,33.75,0.000600218753798076,0.11169531250000012,40.68365985226592,-170.23,153.82,62.73813513883497,1.4099140522084244,50.695167422546305,78.8986691902975
S8,480,540,1,0,0.3525563500000001,0.00861995811489244,0.33671,0.36997,-0.0004866217712113086,33.717499999999994,0.016444350600331645,33.68,33.75,-0.00034653379398986046,-0.07741145833333342,35.308256382441236,-184.5,194.15,62.729195124098204,1.7239598069990216,44.15880433163923,87.37848705488096
S8,510,570,1,0,0.33910822083333336,0.007776193829914433,0.3188,0.355898,-0.0004338627007413319,33.71683333333333,0.015598254888144543,33.68,33.75,0.00024125418844078039,-0.2087187500000001,33.10071826817079,-184.5,194.15,62.70784385906368,2.180349218349523,44.15880433163923,87.37848705488096
S8,540,600,1,0,0.3252070541666666,0.010484775555993845,0.295773,0.340547,-0.0005612146756020074,33.72683333333334,0.016481471077815696,33.68,33.77,0.00035695064150438816,0.07863281250000011,49.830659739601316,-328.77,231.43,63.02348755515527,3.0608270481230657,42.59107887809371,86.1278120005379
S8,570,630,1,0,0.31348589583333336,0.008045613226679245,0.295773,0.33671,-0.0002781244136182938,33.745,0.02000000000000135,33.68,33.79,0.0008657094741228975,0.21309114583333347,55.44514862683758,-328.77,231.43,63.22369517178381,2.7598864092617728,42.59107887809371,86.05811989580066
S8,600,660,1,0,0.3103303625,0.004137428810798693,0.295773,0.316242,4.294956336047394e-05,33.76566666666667,0.014418352502588468,33.73,33.79,0.00046528585565750705,-0.025502604166666654,38.881798924586455,-133.81,152.47,63.15470323844644,1.0775263479054962,56.16048432839589,81.49233092751734
S8,630,690,1,0,0.30707362499999996,0.006853888592814177,0.295773,0.326476,-0.0002878075001302117,33.77916666666667,0.014351732377040658,33.75,33.81,0.000364311880414546,-0.1275234375000003,60.94817123433111,-377.95,337.06,63.19906522790378,1.8938024322766358,48.425200051213004,95.09994742374992
S8,660,720,1,0,0.30209527083333326,0.004912531154013101,0.291936,0.326476,-8.958981058698963e-05,33.782666666666664,0.012092238098143367,33.77,33.81,-0.00012111321377100608,0.007950520833332985,62.43875972154844,-377.95,337.06,63.011059879272565,1.9559150605435867,48.425200051213004,95.09994742374992
S8,690,750,1,0,0.29736192499999997,0.004888120814216343,0.28426,0.314962,-0.0002555548429660219,33.785833333333336,0.01180277745090246,33.77,33.81,0.00030097744752522805,0.009716145833333245,36.21456200905885,-143.51,190.65,62.74431378330639,1.045099849450385,51.720402163943,77.59510293826537
S8,720,780,1,0,0.2887215416666667,0.005591969138708106,0.276585,0.299611,-0.0003085285786211565,33.79316666666667,0.010644508234557683,33.77,33.81,5.6806541780569244e-05,0.08096354166666662,30.181712121276146,-79.3,90.23,62.57833765911126,0.4749885846950673,60.44832503882965,65.12296062065974
S8,750,810,1,0,0.2847185291666667,0.0055891248039518044,0.272747,0.317521,6.48030712338759e-05,33.788833333333336,0.013489708011006468,33.75,33.81,-0.0004618135731522437,-0.1865130208333335,68.4784210243783,-401.83,447.49,62.79606701145012,3.396123583361751,39.91240408695021,91.80958555619343
S8,780,840,1,0,0.28656811249999997,0.00648622683845113,0.272747,0.317521,8.452514974218331e-05,33.774,0.01704894913672581,33.73,33.81,-0.0006755672841542611,0.5678645833333318,129.6293611596491,-1101.54,1330.79,63.01618877691235,3.9622639192612863,39.91240408695021,91.80958555619343
S8,810,870,1,0,0.28150975833333336,0.007530526742860057,0.26763,0.300891,-0.00032448850500876837,33.76133333333333,0.013840359661352067,33.73,33.79,-0.00034889494609284234,0.037614583333331925,120.28533124858002,-1101.54,1330.79,62.87851110874692,2.873935875042546,41.2189276910499,91.26883367283708
S8,840,900,1,0,0.28052366666666667,0.0071079663246404155,0.26763,0.299611,0.00021600557648570118,33.74066666666666,0.023192431715732743,33.66,33.79,-0.0010568239031928752,-0.5381171874999998,76.54410810197537,-364.97,554.21,63.029739458844155,2.6663149508059316,47.0,88.42510955605314
S8,870,930,1,0,0.2840416416666667,0.004824811140165372,0.272747,0.299611,-0.00013811807843886113,33.70258333333333,0.029025730921986778,33.65,33.75,-0.0013777322522962002,0.3494088541666666,83.89342148356005,-364.97,554.21,63.19478584681737,2.123842847660333,47.0,81.35109095765097
S8,900,960,1,0,0.2758331166666667,0.008744482392422597,0.256117,0.289377,-0.0004256015694716954,33.673750000000005,0.01888837826107309,33.65,33.73,-0.0005431344294174184,-0.18636197916666689,80.13023634520718,-506.43,580.07,62.97793923140883,3.5688909572830654,22.38302928559939,106.70988707706518
S8,930,990,1,0,0.26415458333333336,0.007841952114092651,0.248441,0.289377,-0.00039085006336915746,33.66308333333333,0.011817771457522816,33.65,33.71,-0.00019382280942397507,-0.14503125000000003,59.37466287710489,-506.43,580.07,62.71636395493021,3.3882278710358467,22.38302928559939,106.70988707706518
S8,960,1020,1,0,0.25629252916666667,0.0038185303007155402,0.244603,0.262513,-0.0001407870535946852,33.65574999999999,0.010461237976453267,33.63,33.68,-0.0002620184378205825,0.18047395833333332,26.988619861247937,-265.59,135.16,62.61231805177686,1.1793461535123289,50.83306010855534,73.59347797189639
S8,990,1050,1,0,0.2565430083333334,0.0038601202280409137,0.244603,0.262513,0.00016491621035087352,33.64708333333332,0.011060126079247381,33.63,33.68,-0.0001795170055036656,-0.11976822916666675,29.06404858192203,-265.59,135.16,62.657255373621396,1.2243684949634221,50.83306010855534,73.59347797189639
S8,1020,1080,1,0,0.2583872791666667,0.0020657233965932294,0.248441,0.262513,-6.649914581850426e-05,33.64099999999999,0.012675435561219087,33.61,33.66,-0.00013430788728958072,-0.07973697916666672,27.77440249054625,-78.15,120.61,62.67123681716688,0.5566199839989645,59.81638571495272,65.7419196555744
S8,1050,1110,1,0,0.25712942916666665,0.0018419185636131283,0.247162,0.261234,-1.8673676626332893e-05,33.63258333333333,0.013692810360022121,33.61,33.66,-0.0003964652164102162,-0.20317187500000003,35.070699171186696,-141.98,188.65,62.77339409937026,1.1058337330485188,53.04714883949938,77.72387020729218
S8,1080,1140,1,0,0.25598339999999997,0.0026788035168087048,0.244603,0.261234,-8.2224031667216e-05,33.62433333333333,0.01152774431052778,33.61,33.66,-0.00018208649455759348,0.01951822916666662,38.95115551415245,-146.15,228.52,62.95711109141253,1.3295818980194694,53.04714883949938,77.72387020729218
S8,1110,1170,1,0,0.2515113083333333,0.004400255790473688,0.240766,0.261234,-0.00020273549540790684,33.61283333333334,0.016339284630063008,33.57,33.66,-0.0006541780239241391,0.45770572916666635,41.302446301539206,-146.15,228.52,63.04219910675413,1.212515684174055,52.392747589718944,72.75300681071539
S8,1140,1200,1,0,0.24526427499999998,0.005184462370812906,0.231811,0.256117,-0.00020597349606763982,33.59833333333334,0.015184055965239831,33.55,33.63,-0.00029667181721904594,-0.03212760416666696,37.544345955252375,-124.34,181.05,62.93938101053397,1.199802627172055,52.230259428802384,70.58328414008518
S8,1170,1230,1,0,0.23977951249999999,0.005139869088784631,0.227973,0.256117,-0.0002254681209743235,33.584833333333336,0.017606028008106633,33.53,33.61,-0.0005762600045140578,-0.2043880208333334,23.5975921163152,-124.34,141.2,62.79160043066036,0.8528864849982207,52.230259428802384,70.58328414008518
S8,1200,1260,1,0,0.2369065708333333,0.002951962463624721,0.227973,0.248441,4.821227799093899e-06,33.5675,0.016645820296199564,33.53,33.61,-0.0005662598308999959,0.16611979166666663,26.374377278316604,-86.09,149.6,62.84070806289199,0.7621199518758347,58.172158288995945,68.8839603971781
S8,1230,1290,1,0,0.23569659999999995,0.003521510278275507,0.225415,0.248441,-4.660262157329169e-05,33.55766666666666,0.01487354101154919,33.53,33.59,4.75008246670293e-05,0.07486979166666649,43.87490751336078,-178.23,200.88,62.92643891121952,1.5058063020269967,48.95916665957459,70.43436661176133
S8,1260,1320,1,0,0.23431071666666664,0.0033343287872357316,0.225415,0.248441,-4.636285004947693e-05,33.56366666666666,0.01591295768304125,33.53,33.59,0.00047639715967274127,-0.31760416666666663,90.7809561205202,-768.25,819.37,62.95392586440694,1.6569266002917296,48.95916665957459,71.02816342831905
S8,1680,1740,3,0,0.24410768333333335,0.003813672273289292,0.234369,0.252279,-0.00013114111356099883,33.528166666666664,0.014999074045493669,33.49,33.55,-0.00023667077553446225,-0.45869531249999995,37.02098021154805,-217.83,149.2,62.929546535103455,0.637611077576743,57.436921923097515,70.50531894828929
S8,1710,1770,3,0,0.24173572499999998,0.005351516295970857,0.229252,0.252279,-6.454150592892216e-05,33.52616666666666,0.015393902111622478,33.49,33.57,0.0002500043403526618,0.04777083333333341,45.97366986678787,-343.01,271.63,63.00188275732866,2.7236920160840175,25.03996805109783,113.7233485261492
S8,1740,1800,3,0,0.24525900833333333,0.007150273180091131,0.226694,0.254837,0.00014020257990590037,33.52033333333333,0.018070848224572923,33.49,33.57,-0.000640566676504829,0.32722656250000004,51.51260571493563,-343.01,271.63,63.102832470175855,3.770600757737829,25.03996805109783,119.04200939164292
S8,1770,1830,3,0,0.2510102541666666,0.004543822597538254,0.226694,0.256117,0.00017127640584037744,33.502750000000006,0.014997916521970607,33.47,33.53,-0.0005464678206219645,-0.08474739583333342,41.30989055410872,-234.43,251.38,63.057171587561726,2.635670163380449,37.603191353926334,119.04200939164292
S8,1800,1860,3,0,0.25460815,0.002920964962274173,0.243324,0.261234,9.69455268320609e-05,33.49233333333334,0.009374907406950222,33.47,33.53,-0.00023305960172917027,-0.48659635416666674,39.31492167426684,-180.11,370.9,63.02831540880602,0.46345448686946633,58.08614292583042,69.32532004974806
S8,1830,1890,3,0,0.2575451125,0.003068292631879134,0.243324,0.262513,0.00011224474556850014,33.47808333333334,0.017478359635719663,33.43,33.5,-0.0007691105748366477,0.09751822916666668,39.848141222884394,-186.88,370.9,63.15284339525336,0.49753166861106984,58.08614292583042,69.32532004974806
S8,1860,1920,3,0,0.2594906125,0.0019427030105869949,0.248441,0.262513,2.345191930415447e-05,33.453833333333336,0.020214818547018815,33.41,33.49,-0.0008940432993633034,0.4225338541666665,47.20652207114544,-313.92,301.06,63.22979673632174,0.8493824325779549,48.744230427815765,71.63099887618489
S8,1890,1950,3,0,0.26026887083333333,0.001898435541215273,0.248441,0.265071,2.2715007204985125e-05,33.43516666666667,0.01622669268691549,33.41,33.47,-0.00047986944217800434,-0.1478177083333335,47.86876888549154,-313.92,301.06,63.183355855478034,0.821267520380083,48.744230427815765,71.63099887618489
S8,1920,1980,3,0,0.26145222500000004,0.0018830176046375686,0.252279,0.26763,3.7453664126115805e-05,33.42216666666666,0.01639020710329589,33.39,33.47,-0.0004432021389261662,0.019000000000000038,40.560221576225395,-232.76,150.55,63.194121855884184,0.6730251582687949,52.51666402200353,76.01315675591957
S8,1950,2010,3,0,0.26204925,0.0017622315102827264,0.252279,0.26763,-1.1963065330998158e-05,33.41533333333333,0.014544949486181371,33.39,33.45,5.555652008234396e-06,0.11932031250000001,36.85137411124561,-232.76,192.27,63.28056906287226,0.6525558053191182,52.51666402200353,76.01315675591957
S8,3300,3360,2,1,0.5933699708333332,0.057135683447707614,0.483823,0.691062,0.0030247818903105968,32.712333333333326,0.02011356645539365,32.66,32.75,0.0006180662858729883,-0.16443229166666562,123.7325337787225,-579.86,362.16,64.74313461841528,12.532601610004601,15.620499351813308,172.07556479639985
S8,3330,3390,2,1,0.6887488083333333,0.051639886967068366,0.555462,0.784447,0.002605623219153112,32.731,0.019035055380359177,32.68,32.77,0.0005744544176115037,0.8063229166666667,152.90051328079687,-717.85,1024.11,64.9982246334426,12.782355299417054,15.620499351813308,172.07556479639985
S8,3360,3420,2,1,0.759576675,0.041197332427529515,0.680828,0.84841,0.0018778725359815188,32.74016666666667,0.013661584420883466,32.71,32.77,-7.680688900861946e-05,0.23090624999999948,161.7020594872183,-717.85,1024.11,64.42260485393157,12.55277876278895,12.727922061357855,176.0937250443638
S8,3390,3450,2,1,0.7872245208333334,0.0363976757824759,0.696179,0.84841,0.00025132995538117213,32.73433333333333,0.019223827807061996,32.68,32.77,-0.0004804250073785914,-0.7020078125000002,152.74041633381802,-664.36,654.04,65.34227580448153,17.81601611447033,5.0990195135927845,193.40630806672257
S8,3420,3480,2,1,0.7701571458333334,0.0356662703534385,0.696179,0.845852,-0.0009168031302626846,32.70733333333333,0.03213858878185096,32.65,32.77,-0.001658639906942837,0.021041666666667305,164.91468707953192,-664.36,1029.67,65.30086672794013,18.48074539657788,5.0990195135927845,193.40630806672257
S8,3450,3510,2,1,0.7478714833333332,0.02868179572175916,0.673153,0.804916,-0.00015696015903054005,32.672,0.021779194965227098,32.63,32.73,-0.0009268216462095732,0.009062500000000995,152.13873433346896,-618.26,1029.67,64.28884659936186,13.723361878820121,11.045361017187261,178.19932659805423
S8,3480,3540,2,1,0.7663247083333332,0.0362180595912674,0.673153,0.839455,0.0009329340682997971,32.646499999999996,0.01887017046381118,32.61,32.68,-0.0008100140627441742,0.406190104166667,127.617070301483,-680.77,527.03,64.64146019978877,13.902276428908761,20.12461179749811,178.19932659805423
S8,3510,3570,2,1,0.83748845,0.056546922820175045,0.715368,0.939237,0.0023574947967846607,32.61533333333333,0.027626476833324407,32.55,32.66,-0.0013443288945989569,0.4129140625000004,117.29446936677911,-680.77,527.03,64.453811473572,13.135410120328844,11.832159566199232,171.1636643683466
S8,3540,3600,2,1,0.8800822250000001,0.029957644160259134,0.761421,0.939237,-0.00014199378808660266,32.56458333333333,0.040122641848324585,32.5,32.65,-0.0020478827757425835,-0.5317552083333331,140.97190254563463,-669.51,502.06,64.7717780468223,15.832426440268765,11.832159566199232,174.67111953611564
S8,3570,3630,2,1,0.8462247333333333,0.039055028028781254,0.757583,0.920048,-0.0014177149394954754,32.52333333333333,0.022373098926066017,32.49,32.57,-0.0006629281758364934,-0.49713802083333325,136.3581976169968,-669.51,502.06,65.33942179262736,17.436687896648575,11.832159566199232,214.35251339790725
S8,3600,3660,2,1,0.7952465166666667,0.04060911010885433,0.716647,0.890625,-0.0009759109637320013,32.48591666666667,0.03856803152295418,32.39,32.55,-0.0019378808659873538,0.2717265625000001,101.74857435509857,-759.9,462.5,64.40313358537499,10.84101149421384,15.165750888103101,214.35251339790725
S8,3630,3690,2,1,0.7702583958333332,0.028435949863201027,0.716647,0.867599,0.00017619302244830528,32.400166666666664,0.0675152246204925,32.29,32.5,-0.0037942325387592835,0.18276822916666705,89.9054413398833,-759.9,462.5,63.54608003210242,1.3234204624008545,53.67494760127857,83.3186653757728
S8,3660,3720,2,1,0.7633291,0.013199656345526575,0.737115,0.787006,-0.00024514106842133386,32.290083333333335,0.06449154768046869,32.18,32.43,-0.003608882098647626,-0.23119010416666655,76.5922964615602,-496.5,339.81,63.491768552410285,0.6328778875083217,59.43904440685432,71.40728254176881
S8,3690,3750,2,1,0.7706421874999999,0.022974339566365708,0.735836,0.833059,0.0009077312644316795,32.19733333333333,0.049273612500901134,32.11,32.31,-0.0027032413757182355,-0.6006197916666671,73.13254558029112,-496.5,339.81,63.45694228839719,0.7578178587421238,58.22370651203855,71.40728254176881
S8,3720,3780,2,1,0.8026661583333333,0.03833241532143429,0.735836,0.937958,0.001481681240993762,32.129083333333334,0.034375277776654244,32.07,32.21,-0.0018259344780292503,0.2621614583333332,76.54293257582482,-324.12,335.06,63.58647372993305,2.945148597134071,42.731721238442994,109.77249200050075
S8,3750,3810,2,1,0.8504695625,0.07632036906403881,0.765259,1.065883,0.0026669841750724768,32.07916666666667,0.02593528270308489,32.03,32.13,-0.001278494418306033,1.0267890625000005,98.82232358810097,-586.03,397.85,63.7534830895226,4.598534435443103,42.731721238442994,113.96929411029973
S8,3780,3840,2,1,0.8874690916666665,0.07256192814635369,0.784447,1.065883,0.001024440788902588,32.04,0.02369950773047106,31.99,32.09,-0.0009637667320617017,-0.3253958333333332,84.89735694409642,-586.03,397.85,63.76336999918247,3.7322273975946723,43.37049688440288,113.96929411029973
S8,3810,3870,2,1,0.8514160333333332,0.05855803399661646,0.762769,0.996872,-0.003167730543933061,32.033166666666666,0.018302246370929226,31.99,32.07,0.0005705654612058724,-0.9513020833333333,43.13870565267243,-212.61,167.95,63.664970594713736,1.1171757579878598,55.87486017879597,84.53401682163222
S8,3840,3900,2,1,0.7871976291666667,0.03371189582896988,0.733346,0.879181,-0.0011400425476136595,32.056666666666665,0.019720265943666226,32.03,32.11,0.0008397368009860619,0.2291171875000001,29.23626811796324,-98.26,127.17,63.647540520025174,0.5920148520832476,61.065538563088104,69.31810730249349
S8,3870,3930,2,1,0.7738934083333333,0.01884983260425047,0.733346,0.808822,0.00048397444052847836,32.081500000000005,0.022607152260587366,32.03,32.13,0.001010711991527822,0.35680729166666686,28.314483856440212,-105.63,127.17,63.699449568289,0.7165598581694943,58.762232769015846,69.86415389883427
S8,3900,3960,2,1,0.8398441458333333,0.09099309137923367,0.757652,1.065952,0.004308486746297672,32.115,0.027628487713468996,32.05,32.16,0.0014251636313131397,-0.06069531249999976,40.76430504616445,-279.43,253.32,63.813159928266806,1.846983794219897,46.36809247747852,95.98958276813167
S9,90,150,1,0,0.39228008333333336,0.008203877526392966,0.364831,0.414719,-0.0003095898505182404,33.59683333333333,0.03866487064794332,33.53,33.66,-0.0018675324224377364,-0.055223958333333406,51.275673093581545,-208.87,267.59,63.353635188921665,2.5195551887241154,44.82186966202994,87.37276463521113
S9,120,180,1,0,0.3805649625,0.009678127856293305,0.349481,0.395531,-0.00045003150575530866,33.543166666666664,0.03326618236120431,33.47,33.61,-0.0016760013194675042,-0.1989869791666667,37.353141641074366,-171.9,267.59,63.154836757132344,1.7806630356785818,41.340053217188775,84.26743143112884
S9,150,210,1,0,0.36361060833333336,0.012001540187128647,0.337968,0.389135,-0.0006743017170436991,33.477999999999994,0.04610856753359454,33.41,33.57,-0.002555877706210399,0.008981770833333262,32.62261175533393,-155.69,232.92,63.17610521410568,1.2641040870577545,41.340053217188775,75.71657678474378
S9,180,240,1,0,0.3477755125,0.007764850040396384,0.329014,0.363552,-0.0003805978072535995,33.4135,0.032701936741830896,33.34,33.49,-0.001589472039445252,-0.0890390625000001,37.163790882369284,-155.69,232.92,63.27480500851454,1.3227138646728849,51.894122981316485,75.71657678474378
S9,210,270,1,0,0.33528756666666665,0.00885575656069103,0.316223,0.349481,-0.0004343837011059232,33.37141666666667,0.02385008152792846,33.33,33.41,-0.0010334207191097726,-0.03354947916666662,31.116284237018178,-150.36,137.38,63.242761183383095,1.0044337052484456,54.735728733616035,72.72551134230683
S9,240,300,1,0,0.32036386666666666,0.0103912321100799,0.298314,0.341806,-0.000581682702824703,33.345333333333336,0.017413277182144447,33.31,33.39,-0.0007029288702925979,0.14714062500000014,23.023516493355398,-112.98,118.87,63.129485255589046,0.24972424331434978,61.69278726074872,64.31174076325411
S9,270,330,1,0,0.3070604333333333,0.006100593468034258,0.293197,0.32006,-0.0003278622823312945,33.32841666666666,0.012779921317789914,33.29,33.34,-0.0004881334745393769,0.05188281249999995,30.945827547940805,-210.38,130.95,63.15986363981475,0.3101746819766441,60.90155991434045,64.95382975621992
S9,300,360,1,0,0.29971587083333334,0.003946782351378053,0.288081,0.307268,-0.0001846871629715783,33.314499999999995,0.013156113914576644,33.29,33.34,-0.00040764596607577053,0.08677343749999995,42.35101801869115,-257.26,149.91,63.226367505021265,1.2539080721187672,48.11444689487763,78.44743462982075
S9,330,390,1,0,0.2944126166666667,0.003966311491136597,0.284243,0.30471,-0.00019582895883608984,33.311166666666665,0.013177210967761036,33.29,33.34,8.444591051895447e-05,-0.0353776041666664,38.59152529570556,-257.26,149.91,63.15747298289504,1.28766671990467,48.11444689487763,78.44743462982075
S9,360,420,1,0,0.28869896249999993,0.003614203892665768,0.276568,0.295756,-0.0001869703171930086,33.309333333333335,0.014533486237727569,33.27,33.34,-0.0004154238788868635,-0.5284687499999997,26.74428038344255,-175.09,126.85,63.13802768358771,0.7394267327996996,56.753854494650845,68.64400920692205
S9,390,450,1,0,0.28237771666666667,0.004487518991943719,0.268893,0.290639,-0.00022462451778676603,33.321333333333335,0.030053655721429,33.27,33.39,0.0011668258129473167,0.09297916666666683,36.22130893648769,-175.09,211.71,63.26412802936972,1.345556149026792,56.753854494650845,79.39773296511683
S9,420,480,1,0,0.27737823333333333,0.0037727426368477494,0.266335,0.295756,-0.00011760104862931625,33.38966666666667,0.06602945470688756,33.29,33.5,0.0036292296741264407,0.34531770833333336,46.48063408900236,-149.65,268.62,63.31462254878806,1.934669611199599,48.46648326421054,85.15867542417507
S9,450,510,1,0,0.27373795833333336,0.003916744915308782,0.262497,0.295756,-0.0001402585669890136,33.48283333333333,0.05667426419656699,33.37,33.57,0.003031580409382221,-0.1654661458333334,40.43942291591574,-158.47,268.62,63.374016582490306,1.8583038060493835,48.46648326421054,85.15867542417507
S9,480,540,1,0,0.2654659916666667,0.00733269309212269,0.249705,0.279126,-0.0003973195680480564,33.54,0.025132979661525286,33.49,33.59,0.0010643240334035642,0.12555729166666654,26.23849122317426,-158.47,144.83,63.666502962870794,1.2152865144060594,57.59340239992772,71.05631569396206
S9,510,570,1,0,0.25428917500000003,0.0062614627892403595,0.240751,0.267614,-0.00034137610722408416,33.63333333333333,0.09510812560215678,33.53,33.83,0.00499814232885995,0.0633072916666666,15.904148114215522,-111.34,56.74,63.883883045777914,0.597309517783914,57.73214009544424,71.05631569396206
S9,540,600,1,0,0.2490179333333333,0.006233735255625013,0.236914,0.305989,2.1149683154221564e-05,33.837666666666664,0.14881046856842983,33.57,34.11,0.008554315179082854,0.45103645833333333,36.60410197682659,-382.5,215.13,63.70618862482671,2.1010090983462915,42.21374183841087,90.1665126307988
S9,570,630,1,0,0.25159764166666665,0.009365776176498343,0.236914,0.322618,0.00016161991006788262,34.05916666666666,0.1135897833825246,33.83,34.21,0.006341360093056989,-0.23362500000000003,67.28094146302533,-382.5,405.17,63.331050172663225,2.7787251023230306,42.21374183841087,90.1665126307988
S9,600,660,1,0,0.25185334583333335,0.007302887348021965,0.24203,0.322618,-0.00018123813087032926,34.17124999999999,0.036436302867698604,34.11,34.25,0.0008357783989305926,-0.49706249999999985,67.51780677174672,-290.75,405.17,63.10988647167789,2.019576159807325,51.048996072400875,76.47875521999558
S9,630,690,1,0,0.24839420416666666,0.0032569133079982317,0.236914,0.261218,-2.552988593551956e-05,34.163,0.03643716051871532,34.09,34.25,-0.001566138301012399,0.2487265625000004,64.78874089483243,-467.8,320.78,63.23399541799456,3.437136425918645,44.339598554790726,97.49871794028884
S9,660,720,1,0,0.24462602916666665,0.00549994003179271,0.229239,0.261218,-0.00017562885987604024,34.13008333333333,0.019429180516828605,34.09,34.16,-0.0002707685897323695,0.06420833333333362,67.23225837843714,-467.8,320.78,63.32019940809178,4.099765369647318,44.339598554790726,97.49871794028884
S9,690,750,1,0,0.24059130416666666,0.004484869899077263,0.229239,0.259939,-0.00011319906421986708,34.142916666666665,0.029022859764138213,34.09,34.23,0.001274119342349495,0.6711848958333336,57.2283031787228,-300.24,290.12,63.30034622743242,3.0909007566051954,49.56813492557492,86.49277426467485
S9,720,780,1,0,0.23737746666666665,0.0037905313401363043,0.225401,0.244589,-0.00014249784197642172,34.20483333333333,0.048887342147250684,34.11,34.29,0.002630740117015878,-0.26505989583333295,51.43519678315047,-234.21,240.08,63.287428025391115,2.431540958104363,50.60632371551998,79.17701686727027
S9,750,810,1,0,0.233145575,0.003372539544276441,0.224122,0.24203,-0.00013664996614524632,34.26058333333334,0.028789345058353163,34.18,34.31,0.0011321724335493246,-0.8050260416666665,43.28197385133991,-184.3,240.08,63.23590457877303,1.797294616261937,52.28766584960549,84.31488599292535
S9,780,840,1,0,0.23054463333333336,0.0037301697156057454,0.222843,0.257381,-5.1599437490246e-06,34.26016666666667,0.023093409353224816,34.21,34.31,-0.0006965398704842916,-0.046937499999999764,51.383966193930675,-293.39,237.0,63.261555158808825,1.8838992512838686,51.234753829797995,84.31488599292535
S9,810,870,1,0,0.22812481666666667,0.0044412419790402,0.215168,0.257381,-0.00010492564107015959,34.2425,0.014846436160463307,34.21,34.27,-0.00023097623222601598,0.7501041666666671,54.88015261960966,-293.39,237.0,63.22849034432659,1.7931258862852366,51.234753829797995,82.46817568007674
S9,840,900,1,0,0.22567828750000002,0.010892028316457426,0.213889,0.346923,-0.00014212139967707907,34.2895,0.055360184248249,34.21,34.39,0.002711158179829386,0.3214036458333338,47.14086157943715,-244.39,219.08,63.569407683472555,2.6122090152068504,37.86819245752297,102.70832488167646
S9,870,930,1,0,0.2205882,0.01178806447577379,0.207493,0.346923,-0.0003435436934669006,34.369666666666674,0.04375944342526337,34.25,34.45,0.0021737877393702082,-0.7943802083333329,47.44558274334336,-221.08,189.24,63.708505439853965,2.965211704656425,37.86819245752297,102.70832488167646
S9,900,960,1,0,0.2149012375,0.003033331140197813,0.203655,0.221564,-7.306501675376386e-05,34.43091666666667,0.043512370527114465,34.34,34.53,0.0023064983767079393,-0.06727604166666647,56.47867904707906,-221.08,263.65,63.36457678756556,2.298707107493429,43.61192497471305,83.74365647617735
S9,930,990,1,0,0.21415517916666665,0.002403927745461438,0.203655,0.220284,2.1122805951494313e-05,34.47983333333333,0.029296852314806388,34.41,34.53,0.0012364103543463076,0.0840598958333332,62.15825162230035,-266.19,263.65,63.19651891076676,1.884143720924346,48.05205510693585,77.25930364687478
S9,960,1020,1,0,0.21313179999999995,0.0028268023162223424,0.203655,0.219005,-5.534280803486341e-05,34.505916666666664,0.02534744672655485,34.47,34.57,0.0007345266410874641,-0.1697317708333332,57.61243650649148,-266.19,277.3,63.10635353819769,1.5977253973502736,51.28352561983234,77.88452991448301
S9,990,1050,1,0,0.21222029999999997,0.0028205094046407047,0.202376,0.219005,4.94171530755737e-05,34.55233333333333,0.04781445620544321,34.47,34.65,0.0025737946839355977,-0.010971354166666518,53.74917414597344,-202.21,277.3,63.08317052937523,1.637627896816309,49.9799959983992,77.88452991448301
S9,1020,1080,1,0,0.21330232916666664,0.002740567650289987,0.202376,0.219005,3.841921040295699e-05,34.63566666666666,0.054355823566159776,34.55,34.75,0.002973940519800001,0.08788802083333346,64.05078042266999,-352.12,207.84,63.11977067351654,1.8140849730229511,49.9799959983992,79.00632886041473
S9,1050,1110,1,0,0.2154715833333333,0.002830853051888937,0.203655,0.220284,7.659672563759798e-05,34.69191666666666,0.03362280558721372,34.65,34.75,0.000639802774353843,0.025343750000000043,53.765821704198565,-352.12,186.83,63.03990284452514,1.445115111734773,53.16013544000805,79.00632886041473
S9,1080,1140,1,0,0.21624974166666666,0.0021071239561537996,0.210051,0.220284,-5.018416639177927e-05,34.68299999999999,0.03385262175962132,34.63,34.75,-0.0011693258563521805,-0.20421614583333347,38.7441275921288,-198.89,323.66,63.013907595508286,0.7627742423167663,57.879184513951124,71.96526940128828
S9,1110,1170,1,0,0.2148427125,0.0021618493830153304,0.206214,0.220284,-4.26058768381396e-05,34.685916666666664,0.03249348225242861,34.63,34.75,0.001499262139967919,-0.20777083333333338,57.390280619754336,-250.78,323.66,63.12490365687863,1.106409723591029,53.27288240746881,71.96526940128828
S9,1140,1200,1,0,0.21652692499999998,0.0034679940231169717,0.206214,0.224122,0.00014259019080192396,34.729166666666664,0.030810802578894028,34.66,34.79,0.00144627510894325,0.2068281250000002,64.0616664099558,-292.89,254.9,63.15955586093881,1.8006605590587204,40.95119045888654,78.82892870006543
S9,1170,1230,1,0,0.2364553625,0.02730934101437505,0.210051,0.291918,0.0012890963297973901,34.749,0.020752509888365456,34.68,34.79,0.00016930849493949912,0.24845052083333338,69.12715218861898,-456.32,257.8,63.281470699633225,2.6378154329156804,40.95119045888654,96.64884893261792
S9,1890,1950,2,1,0.9246135583333334,0.02043366480398456,0.871453,0.980183,0.000683745565027173,33.590583333333335,0.05114189139595362,33.49,33.68,-0.0028567857080849433,0.04610156250000017,62.52270885142368,-437.17,300.96,62.91697372510109,1.6691878588921432,46.74398357008097,85.93020423576334
S9,1920,1980,2,1,0.9434387791666665,0.018331361729889733,0.893199,0.981462,0.0006893682511849198,33.51033333333333,0.04498024257629308,33.43,33.61,-0.0024728207086930185,0.1009036458333334,58.78382698047043,-437.17,300.96,62.90763389791224,1.2765568401927827,51.12729212465687,76.26925986267338
S9,1950,2010,2,1,0.9643106583333333,0.019033882285499824,0.920062,1.014721,0.0008865818434347755,33.43258333333333,0.04938784994532878,33.33,33.5,-0.0027288668206052213,-0.07366927083333351,41.2083045275008,-253.51,234.67,62.950060341817185,1.1167786836443072,49.889878733065686,75.1398695766768
S9,1980,2040,2,1,0.995773025,0.024315899423683843,0.949483,1.059492,0.0011595321828503937,33.352833333333336,0.048548658294767975,33.23,33.45,-0.002679768745985243,0.038460937500000014,39.04241146991941,-202.44,192.6,62.993300657822225,2.7579070687537177,31.921779399024736,128.0195297601112
S9,2010,2070,2,1,1.0307157708333332,0.02679934041215658,0.977625,1.104263,0.0010890760794458187,33.26541666666667,0.05363294748152125,33.16,33.34,-0.002961787531033461,0.22630989583333352,44.76290973065766,-224.92,297.08,62.98086148533322,2.7792278421539045,31.921779399024736,128.0195297601112
S9,2040,2100,2,1,1.0375646791666666,0.024747283491013027,0.978904,1.104263,-0.0005442563013246829,33.18166666666666,0.042843384034825634,33.09,33.27,-0.0022660115627010265,0.0019244791666663966,69.8578482017942,-462.43,389.23,63.000513654119764,3.7444219825944174,25.67099530598687,115.99137898999219
S9,2070,2130,2,1,1.0391689791666667,0.025428442413212536,0.958437,1.099146,0.0006193006770950809,33.12891666666667,0.02626137319757195,33.09,33.21,-0.0010975884998004363,-0.5061953125000004,72.65817176152643,-462.43,389.23,63.14632385654942,5.181559054677516,25.67099530598687,115.99137898999219
S9,2100,2160,2,1,1.0530000291666666,0.018846428740700888,0.958437,1.099146,0.0003575051320335353,33.101000000000006,0.026185237571324575,33.05,33.15,-0.0009616833625586949,0.06570572916666682,73.11563880195955,-367.4,314.81,63.489204371997,7.601301360784438,18.81488772222678,181.9313057172954
S9,2130,2190,2,1,1.0853738333333334,0.03731458472296352,1.027513,1.168222,0.0018045301862879564,33.06375,0.03617233058568447,33.0,33.15,-0.0018556572162710802,0.3714921875000002,70.00588484517331,-367.4,314.81,63.25336946412889,6.703567254410759,18.81488772222678,181.9313057172954
S9,2160,2220,2,1,1.1290416541666668,0.03017897335261587,1.050538,1.215551,0.0011073599454851676,33.011166666666675,0.0322795945176232,32.95,33.07,-0.0016093334953733074,-0.13974739583333307,52.80034331104596,-403.25,274.06,62.8466004900047,1.5495680096104971,41.737273509418415,77.00649323271382
S9,2190,2250,2,1,1.156597183333333,0.0283877688865831,1.074842,1.234739,0.0006740020173961344,32.97958333333334,0.01832101859128557,32.95,33.03,-0.0005536901682322049,0.02066666666666673,48.2608230485804,-403.25,231.05,62.92196434952444,1.55199679891488,41.737273509418415,76.12489737267302
S9,2220,2280,2,1,1.1592088541666667,0.022621921664605898,1.12473,1.234739,-0.0008646221375371064,32.9705,0.014654350889752702,32.93,33.0,-0.00038056216253772593,0.04848958333333324,35.39006850092115,-180.98,138.8,62.878436698898426,0.9115065199747004,55.44366510251645,73.59347797189639
S9,2250,2310,2,1,1.1362849958333332,0.01726052986355911,1.099146,1.183572,-0.0006681586190732606,32.962833333333336,0.014559265854506532,32.93,32.99,-0.00037875657563528304,-0.04175260416666668,25.047039169793507,-80.6,104.35,62.85245814954803,0.4085854369810008,59.983331017875294,69.87846592477543
S9,2280,2340,2,1,1.1171453249999999,0.012957996825102841,1.082517,1.150313,-0.0004868345353218086,32.952,0.014468356276140343,32.91,32.99,-0.00042778520460425837,0.08472135416666655,20.733840820812077,-56.79,68.98,62.97156184212185,0.15513165534785822,61.91930232165088,63.56886030125127
S9,2310,2370,2,1,1.1149760708333334,0.012672412821722216,1.082517,1.146476,0.00036141885623014154,32.95166666666667,0.013312483698476872,32.91,32.97,0.0002777826003922208,0.14445833333333324,21.836781192098737,-67.16,103.31,63.01733786806259,0.1882565336063302,61.39218191268331,64.91532946846992
S9,2340,2400,2,1,1.1359864916666667,0.026345021090962595,1.09275,1.220668,0.0011239939860066982,32.958,0.01275408431313809,32.93,32.97,-7.111234570036056e-05,-0.2231796874999999,22.477683846729978,-67.16,103.31,62.9164722361353,0.25984872448202057,59.36328831862332,66.88049042882386
S9,2370,2430,2,1,1.1593207166666668,0.025368270916863618,1.119613,1.220668,0.0007529894512057371,32.943333333333335,0.020055478608655555,32.89,32.97,-0.0009230715811039942,-0.08610416666666658,22.620726374223324,-64.14,87.61,62.96813812672992,0.44139648057138686,58.146367040426526,72.39475119095306
S9,2400,2460,2,1,1.178753525,0.025915660015539674,1.123451,1.284627,0.000665929769614053,32.909666666666666,0.024864074931962493,32.84,32.95,-0.0012196045070229132,0.1316328125,25.16257470628847,-107.71,117.6,63.02506180921612,0.6538512403344713,55.937465083787984,77.110310594628
S9,2430,2490,2,1,1.1951322875000001,0.027816616159917387,1.15543,1.284627,8.102127293876627e-05,32.85466666666666,0.04681405297082789,32.73,32.93,-0.0018683657702390057,0.014700520833333404,58.56363452266314,-755.34,331.38,62.993503237265045,1.4176373760634142,48.641546028061235,91.70059977993601
S9,4080,4140,3,0,0.3876323958333333,0.005870467511690702,0.364831,0.39809,0.0002045221913574875,31.217,0.015842979517754773,31.15,31.25,8.777930172380149e-05,0.015971354166666788,16.09948442964001,-106.6,80.95,63.354195026431476,0.8910046125319933,49.03060268852505,68.86218120274728
S9,4110,4170,3,0,0.3923440583333333,0.0033884430797831906,0.38146,0.399369,0.00012329220993419936,31.212499999999995,0.015179481765417977,31.17,31.23,-0.00039764579246158346,0.001171875000000037,11.856152204026495,-29.75,37.87,63.24587450304772,0.2489227016666891,62.56196927846821,63.72597586541927
S9,4140,4200,3,0,0.39369251666666666,0.0022808827804285735,0.384019,0.399369,-2.7536825292107344e-05,31.19333333333333,0.020221001184137163,31.15,31.23,-0.0009264049723085355,-0.0023489583333333804,13.006702503064645,-35.96,37.87,63.123886332453864,0.17222597784151597,62.71363488110062,63.773035054010094
S9,4170,4230,3,0,0.393244825,0.0026191117185746403,0.384019,0.401927,2.781820864945129e-05,31.1665,0.02170445422795448,31.11,31.21,-0.0009459886456364715,0.0219557291666666,12.29502927605631,-35.96,31.12,63.238629419077206,0.27898482029687716,62.20932405998316,63.773035054010094
S9,4200,4260,3,0,0.3954514416666666,0.003881738746566701,0.380181,0.404486,0.00010422465667806193,31.127333333333333,0.03275498265743574,31.07,31.19,-0.0016750290803660126,0.06016145833333329,13.219907619720011,-61.41,48.61,63.32261770892085,0.3271452121963843,59.262129560116215,66.11353870426238
S9,4230,4290,3,0,0.3964214833333333,0.0032850244024546,0.380181,0.404486,-9.478446848035647e-05,31.093,0.018375708603116568,31.07,31.15,-0.0006197329814755148,0.01786979166666663,13.650216628459752,-61.41,48.61,63.24080406250655,0.25448777505899656,59.262129560116215,66.11353870426238
S9,4260,4320,3,0,0.39355930833333325,0.0031589283040187165,0.384019,0.400648,-9.671352627649787e-05,31.075166666666668,0.019747714354380497,31.03,31.11,-0.0007229292175211344,-0.06933333333333334,13.634714832587157,-82.67,46.46,63.21321247443567,0.16513225563055828,61.7980582219215,66.21933252457322
S9,4290,4350,3,0,0.3914806416666667,0.002578722355792478,0.38274,0.39809,1.217597527737726e-06,31.049500000000002,0.0235884858917787,31.01,31.11,-0.0010640462508029708,0.05752083333333336,12.912753347368744,-82.67,46.46,63.15282622922192,0.24731409522645328,61.7980582219215,66.21933252457322
S9,4320,4380,3,0,0.39159794166666667,0.002676437887055087,0.380181,0.399369,9.44948002569575e-06,31.036,0.014742229591663674,31.01,31.07,9.777947533808947e-05,0.022776041666666705,11.646233437604451,-66.81,39.4,63.13747150936952,0.3473167193673934,62.39390995922599,64.07027391856539
S9,4350,4410,3,0,0.3914859875,0.002643149189384466,0.380181,0.399369,-3.901929721002053e-05,31.035500000000003,0.014823967080373278,31.01,31.07,-0.00016347506033107087,-0.07115624999999998,16.301014218400724,-70.53,149.37,63.14036886282735,0.4057748137029076,60.0,68.97825744392213
S10,120,180,1,0,0.38308072499999996,0.013742436732291752,0.368402,0.431082,-0.00046395090539766567,33.327125,0.011239115104550302,33.29,33.34,0.00023762565322300503,0.016989583333333304,51.87755922201068,-264.71,272.99,62.9943651141853,1.5421391076621556,47.686476070265456,83.03011501858829
S10,150,210,1,0,0.37881152916666666,0.003917150124663246,0.370961,0.401661,1.237946665740523e-05,33.33025,0.008656644846590804,33.31,33.34,4.8577232243266284e-05,-0.15736197916666703,50.79651688502098,-324.07,474.78,62.96093071273209,1.2609336963335842,45.79301256742124,76.89603370785778
S10,180,240,1,0,0.37888084583333337,0.0039038132828128377,0.369681,0.401661,-7.748661435094091e-05,33.32454166666666,0.01192853430038837,33.29,33.34,-0.0002967933471070007,-0.019799479166666845,55.60722319112419,-324.07,474.78,62.891093824895236,1.9300002180202562,39.97499218261337,84.08329203831163
S10,210,270,1,0,0.377473675,0.0025610728079670645,0.369681,0.385032,-4.7722956995781674e-05,33.322250000000004,0.012108020757607108,33.29,33.34,0.00021489956422850921,0.04220052083333334,31.889527719182354,-228.88,192.97,62.782507862800294,1.4916218100055207,39.97499218261337,84.08329203831163
S10,240,300,1,0,0.3811726541666667,0.007077036815261455,0.369681,0.417011,0.0002760496345422665,33.3315,0.015091388272785935,33.31,33.37,0.0004918835396446538,0.0424479166666667,27.216545355556008,-164.54,218.67,62.742708826120555,0.3803638529773428,59.2452529743945,65.6505902486794
S10,270,330,1,0,0.39011091249999996,0.007398556425401092,0.373519,0.417011,0.0002725318547196954,33.360166666666665,0.02854771833653577,33.31,33.41,0.001497803781315519,0.023072916666666703,27.541728650678408,-164.54,218.67,62.889884554592875,0.46258319249738356,59.2452529743945,65.6505902486794
S10,300,360,1,0,0.390564,0.0053769247112080715,0.376077,0.408057,-0.00021789194604073051,33.387249999999995,0.016044858989719673,33.34,33.43,0.0002538585739336539,0.7066276041666666,33.18182328500909,-223.24,370.41,62.983539444360986,1.5219945446544125,48.425200051213004,96.38983348880731
S10,330,390,1,0,0.38498895833333335,0.00361598941023485,0.376077,0.408057,-0.0001198679560409047,33.403499999999994,0.01943579172557675,33.37,33.45,0.0006518863174708227,-0.01719531250000017,35.5746247355673,-223.24,370.41,62.96621618142114,1.5249299856732341,48.425200051213004,96.38983348880731
S10,360,420,1,0,0.3800533958333333,0.007115061468871225,0.364565,0.447711,-0.00021515116755499558,33.42375,0.017299446041228194,33.39,33.47,0.0005954617267663022,-0.5836119791666668,48.32080298801677,-344.41,287.78,63.04818379039183,1.7151165848533618,51.28352561983234,82.19489035213807
S10,390,450,1,0,0.375592275,0.006668527033714042,0.364565,0.447711,-7.843743814996791e-05,33.47441666666667,0.052270065259402476,33.41,33.57,0.002723415337071719,-0.014403645833333497,60.95118684719652,-344.41,287.78,63.105396576805745,2.292779874026335,49.58830507286975,82.19489035213807
S10,420,480,1,0,0.375517575,0.0034433020868116803,0.367123,0.393986,4.76120522925749e-05,33.538833333333336,0.03708511231687869,33.45,33.59,0.0016625983089981677,0.3817682291666665,43.52391804757365,-202.55,234.94,63.031548977506965,1.9044575332996105,49.58830507286975,84.3682404699778
S10,450,510,1,0,0.38721136249999993,0.012472848535496095,0.370961,0.409336,0.0006409246775117622,33.571,0.030315012782449108,33.53,33.65,0.001038768034167183,-0.00543749999999991,25.988656521208323,-164.72,227.87,63.50978282242554,1.962987310624942,44.384682042344295,87.98863562983574
S10,480,540,1,0,0.39633620833333333,0.00850218166795621,0.373519,0.409336,-6.564093821073487e-05,33.629666666666665,0.05784942139343792,33.53,33.73,0.0029543568464730414,-0.5347109374999999,51.73194088248116,-310.99,231.55,63.89790211748407,2.8135240330274365,43.9089968002003,93.64293886887575
S10,510,570,1,0,0.39527019583333334,0.005943267708016301,0.377356,0.406777,-2.3637735030124152e-05,33.64391666666667,0.040595480728222236,33.57,33.73,-0.0019140957308284882,-0.051226562500000065,48.18567593316679,-310.99,231.55,63.546113173859005,2.3862323151296785,43.9089968002003,93.64293886887575
S10,540,600,1,0,0.39685316666666665,0.0028957925349644056,0.38759,0.404219,5.151814788450947e-05,33.588,0.02785677655436871,33.53,33.65,-0.0013634958940262174,0.34353124999999984,35.80833452038818,-236.6,270.19,63.38947698823231,2.1299547315296543,47.20169488482379,88.57764955111419
S10,570,630,1,0,0.39933154583333336,0.003843974044687694,0.388869,0.409336,9.674129238355098e-05,33.598416666666665,0.03688938043514516,33.53,33.66,0.0018704838625668483,0.027148437499999765,62.0578814160858,-236.6,317.07,63.400013504400945,3.4727744876074547,43.42810150121693,106.37198879404295
S10,600,660,1,0,0.402662725,0.006220074083109865,0.377356,0.43364,0.00010425996979113953,33.62925,0.02297326344543316,33.57,33.66,-8.83695897498589e-05,0.4423776041666665,55.936121596127755,-233.45,317.07,63.432979849992016,3.3815961246882362,43.42810150121693,106.37198879404295
S10,630,690,1,0,0.40606320833333337,0.008378006345382171,0.377356,0.43364,0.0001421509088699445,33.633958333333325,0.024810916896038548,33.57,33.68,0.0002724873695723958,0.14374218750000042,52.34505386665797,-282.75,348.22,63.434018904113024,3.5797078334175936,28.284271247461902,89.96666049153987
S10,660,720,1,0,0.41254975416666667,0.008577817636811785,0.385032,0.43364,0.0003870348322019483,33.65099999999999,0.02237558192911646,33.59,33.71,0.000911335266237259,-0.7818151041666658,57.02935685362135,-282.75,348.22,63.20342723959035,3.087139615103571,28.284271247461902,88.29496021857646
S10,690,750,1,0,0.41840204166666667,0.005293003398978428,0.40294,0.437478,4.437762808382196e-05,33.68070833333333,0.02850289337164905,33.63,33.77,0.001301359398600962,-0.33270312499999977,63.32189940211074,-284.51,281.11,63.256666634715856,2.9265062385762444,42.43819034784589,91.25787637239867
S10,720,780,1,0,0.4237745708333333,0.010249800868146135,0.40294,0.491203,0.00023805275959651957,33.74216666666667,0.05154582642874522,33.66,33.87,0.002775742634421065,0.11966145833333286,62.254272047938386,-284.51,260.64,63.62653055017566,3.694030339285588,42.118879377305376,94.76813810558906
S10,750,810,1,0,0.42470200416666665,0.009095893978648604,0.405498,0.491203,-0.00010296120592371386,33.839999999999996,0.06127805479941233,33.75,33.93,0.0033049879338183305,0.2517135416666664,37.54125481388808,-227.12,171.74,63.307844509922525,2.5028422524812783,42.118879377305376,94.76813810558906
S10,780,840,1,0,0.4220743416666667,0.00716393642198644,0.406777,0.486086,7.304584801819155e-05,33.90983333333333,0.02373405897767093,33.84,33.95,0.000983836524939276,-0.12980989583333388,56.88157776651991,-315.91,325.08,62.9522108219272,1.970851795112451,48.425200051213004,78.31347265956222
S10,810,870,1,0,0.42357729583333337,0.007250064670974733,0.406777,0.486086,3.892491709925393e-05,33.94075,0.025352925537960976,33.89,33.99,0.0011190819285056286,-0.1357343750000006,70.18866985320905,-315.91,325.08,63.20398609653437,2.6065614020050805,48.425200051213004,79.93747556684536
S10,840,900,1,0,0.4237691916666667,0.004428643040473068,0.405498,0.442594,-2.6019062830972403e-06,33.973958333333336,0.02547380871710337,33.91,34.03,0.0011231965832738382,0.1620546874999997,70.12026983246155,-319.3,284.7,63.25031760493187,2.4923695971059514,50.65570056765576,79.93747556684536
S10,870,930,1,0,0.42627960833333334,0.004943554165604328,0.405498,0.442594,0.00017738398930536962,33.99483333333333,0.017794349914759075,33.95,34.05,4.90980746191341e-05,0.06933593749999985,52.466214541693994,-319.3,236.58,63.08420359245721,1.71844370640317,50.65570056765576,78.65748533992172
S10,900,960,1,0,0.4185832166666667,0.017578878762681528,0.382473,0.445153,-0.0007703007864719843,33.995875000000005,0.01666036339139473,33.95,34.05,-0.00027568186947729984,-0.21413020833333327,40.465070832418284,-321.73,259.9,63.404553913988615,1.992444386872065,50.724747411889595,91.97282207261013
S10,930,990,1,0,0.39676272500000004,0.017955924298339764,0.379915,0.445153,-0.0008229999374989192,33.98508333333334,0.01369281036002376,33.95,34.03,-0.00041413913435995133,0.07228124999999998,41.71354348727339,-321.73,259.9,63.943121819876474,1.9334191031531411,50.724747411889595,91.97282207261013
S10,960,1020,1,0,0.3980472500000001,0.014907152770146957,0.379915,0.440036,0.000677200565982048,33.98558333333334,0.0198450595587136,33.95,34.05,0.0006106008784876525,0.15642708333333344,24.243680121384553,-179.76,206.1,64.17296402453404,0.34529693385036114,62.0403094769844,67.00746227100382
S10,990,1050,1,0,0.4144898250000001,0.016171726811095605,0.381194,0.498878,0.0003927474435320024,34.01166666666666,0.02671869923646832,33.95,34.05,0.001135991944304663,0.16229427083333342,37.18669507142682,-312.82,206.1,64.24545785718877,1.6958278863674046,42.05948168962618,84.91760712596653
S10,1020,1080,1,0,0.41306672083333335,0.01617292099600129,0.388869,0.498878,-0.0002644315370058527,34.03291666666666,0.01499421184620432,34.0,34.05,8.21194812409846e-05,-0.08305468750000003,31.847234574101442,-312.82,179.3,64.17775232811304,1.670348599758395,42.05948168962618,84.91760712596653
S10,1050,1110,1,0,0.40055216250000003,0.010300390983409015,0.386311,0.436199,-0.0005248260646886233,34.02504166666666,0.0183029577907196,33.99,34.05,-0.0007220090626574008,-0.1870260416666666,8.909058057869446,-24.87,18.7,64.14774580042548,0.1855183476896366,62.94441992742486,64.52131430775415
S10,1080,1140,1,0,0.3923708166666666,0.007018186210343491,0.377356,0.415732,-3.695338460738454e-06,34.009833333333326,0.01596784964302413,33.99,34.05,-0.0002781992742930941,-0.12064583333333326,31.236010786323465,-200.22,215.29,64.08352866195175,2.43419649292012,44.82186966202994,92.76852914647294
S10,1110,1170,1,0,0.4061699583333333,0.0164229536291922,0.377356,0.429803,0.000854966329276553,34.01170833333333,0.016456961968183144,33.99,34.05,0.00024759110401208694,-0.06711458333333316,44.04007168261409,-336.5,215.29,63.626970911153485,3.0267436029331196,41.49698784249286,95.17877914745492
S10,1140,1200,1,0,0.42387585,0.0050588967162646555,0.406777,0.436199,0.0002025574263442069,34.03158333333333,0.024647374212186327,33.99,34.09,0.0009422733033558891,0.09910156250000018,57.283512541241755,-336.5,250.32,63.20809415982296,2.9375193927793224,28.948229652260256,95.17877914745492
S10,1170,1230,1,0,0.42869402916666666,0.004676581730992129,0.406777,0.438757,0.00015889161096546936,34.06791666666667,0.02896537684124952,34.0,34.11,0.0013214465528914013,-0.038151041666666566,54.60615343852913,-305.55,262.32,63.23345639328691,2.7952327079542236,28.948229652260256,91.00549433962765
S10,1200,1260,1,0,0.43623585000000004,0.0069373420890736955,0.423407,0.450269,0.0003654775221792059,34.0855,0.01459737419309883,34.05,34.11,-0.0002293789822740072,0.013119791666666724,35.95496902023511,-207.43,262.32,63.1929290271222,2.065609306338078,48.744230427815765,85.21150157109074
S10,1620,1680,3,0,0.4281184208333333,0.0024878398398475413,0.421115,0.436465,4.037976874598634e-05,34.12720833333334,0.023114712426407013,34.09,34.18,-0.001106599072900322,0.015140625000000055,15.978403694225568,-39.72,24.84,63.327314507013384,0.2694280914841201,62.161081071680215,63.75735251718032
S10,1650,1710,3,0,0.4303408708333333,0.0030984692625256067,0.421115,0.437744,0.00010344639490269136,34.09450000000001,0.022355088906108135,34.03,34.15,-0.0010520321533358794,0.059135416666666676,15.799177054728588,-39.48,28.86,63.12443606121563,0.3033649400204284,62.161081071680215,63.92182725798755
S10,1680,1740,3,0,0.4312255833333333,0.0023942204249098632,0.419836,0.437744,-3.700716331880872e-05,34.064,0.02122891110412189,34.03,34.11,-0.0009968228615081349,0.016729166666666698,15.574881401019269,-38.86,31.37,62.99377806492677,0.20043728882105352,62.161081071680215,63.92182725798755
S10,1710,1770,3,0,0.4293122125,0.002592648351720127,0.41344,0.435186,-6.770943766384824e-05,34.04658333333334,0.013291340121379855,34.03,34.07,-0.00019337141269819275,-0.06950260416666665,16.323576401924683,-40.83,31.37,63.13599131540768,0.27620304264431267,62.27358990776106,64.10928169929842
S10,1740,1800,3,0,0.4271643458333333,0.0025575642597790746,0.41344,0.432627,-7.3894812409939e-05,34.04475,0.014914338738273848,34.0,34.07,6.704977516983991e-05,-0.012828125000000027,20.788419144883903,-131.69,90.46,63.17135497395839,0.4612193124149566,60.29925372672534,65.91661399070799
S10,1770,1830,3,0,0.42447805,0.003022598386460448,0.412161,0.430069,-0.00013136572857167813,34.056333333333335,0.018481221700839476,34.0,34.09,0.0007311932498827602,0.02755989583333333,20.95272987904997,-131.69,90.46,62.92124908658934,0.4966102261475636,60.29925372672534,65.91661399070799
S10,1800,1860,3,0,0.4204913125,0.003345840020061294,0.409602,0.427511,-0.0001612324710498496,34.08366666666667,0.021906366400864557,34.05,34.13,0.0010637684682021564,0.0022265624999999807,17.346180466812026,-41.37,37.68,62.75020786234715,0.2794278062277288,62.07253821135398,64.60650122085238
S10,1830,1890,3,0,0.4167496875,0.00249934452537269,0.408323,0.422394,-9.8048988697721e-05,34.12070833333333,0.025947028035766,34.07,34.16,0.001362679907637131,0.00795572916666664,20.17515549333714,-100.25,95.93,62.98619137932917,0.37306124589232087,60.58052492344384,66.47555941848101
S10,1860,1920,3,0,0.4145004583333333,0.0019115581728694233,0.407044,0.418557,-4.992635288807112e-05,34.158625,0.023983175526466703,34.11,34.21,0.0011717390926925626,-0.07221093749999999,20.65064500183865,-100.25,95.93,63.20368997854509,0.3782225041236061,60.58052492344384,66.47555941848101
S10,1890,1950,3,0,0.4126137333333333,0.002948249961794657,0.400648,0.418557,-6.480759388183903e-05,34.196041666666666,0.03171090659729375,34.15,34.27,0.0015002517404814637,-0.00013541666666680996,39.351669262989915,-389.53,293.06,63.17544831445708,0.8977524347112742,53.23532661682466,79.61155694998057
S10,3210,3270,2,1,2.1868458833333335,0.06067789366636245,2.048071,2.284719,-0.0030550467542839123,34.03475,0.03409453768567645,33.97,34.09,-0.0017979131582150417,0.19290885416666678,54.22812568890129,-279.7,283.91,63.02637731985744,6.502622184034176,18.466185312619388,145.7772273024837
S10,3240,3300,2,1,2.1056343208333335,0.07468971276566738,1.964925,2.549508,-0.0015567470876230473,33.98283333333333,0.03284263827540177,33.91,34.05,-0.0017195437420791664,0.21177343750000027,51.65669287071419,-279.7,283.85,63.11637807100774,5.759811052828064,21.283796653792763,145.7772273024837
S10,3270,3330,2,1,2.264256829166667,0.27906717490364213,1.964925,3.151025,0.011940111330057825,33.92433333333334,0.03876711091748972,33.84,33.99,-0.0021102449695311297,-0.3289713541666663,56.01179175665465,-363.09,283.11,63.02360681248787,4.792407729412448,26.49528259898354,145.50944986494864
S10,3300,3360,2,1,2.7482890833333333,0.3637727623822914,2.14401,3.459306,0.014797913401274313,33.86175,0.03411164268496284,33.81,33.91,-0.0018231913748501419,0.2055000000000002,75.03210855756187,-363.09,289.16,63.04563534308434,8.791476081229677,18.920887928424502,146.3318147225681
S10,3330,3390,2,1,3.0570535458333334,0.13113571095423587,2.845302,3.459306,-0.0011020450407125408,33.81325,0.02650982522260913,33.77,33.87,-0.0013427663674717434,0.24679687499999994,70.7520442832631,-279.49,292.37,63.094993875545455,8.858633849427052,18.920887928424502,146.3318147225681
S10,3360,3420,2,1,3.0855019708333336,0.13746526668109044,2.901586,3.507541,0.0005605247608465036,33.76808333333333,0.031958197522528785,33.71,33.81,-0.0016829111616519764,-0.0028802083333333782,47.19040248177483,-239.77,292.37,62.98451244532793,3.750714424079434,23.53720459187964,134.49907062875937
S10,3390,3450,2,1,3.0651965875,0.13560696919299176,2.901586,3.507541,-0.0009018901942741969,33.71,0.03844910055298323,33.65,33.77,-0.002126634142953856,-0.07673958333333347,42.53378992532114,-215.27,209.2,63.004886210980786,4.018763413625683,26.476404589747453,132.70267518026907
S10,3420,3480,2,1,2.9840781291666665,0.0816804980333687,2.858094,3.312201,-0.002922748861959425,33.638749999999995,0.044871343862201776,33.57,33.71,-0.0025077171478671443,-0.03344270833333323,57.299730079733,-264.1,705.55,62.96715750653029,4.164844500635298,26.476404589747453,132.70267518026907
S10,3450,3510,2,1,2.9376799,0.046276589736136194,2.858094,3.067878,0.0005023387628257383,33.56429166666667,0.04408701544168718,33.49,33.65,-0.0024436708970639433,0.10944270833333357,47.607185375496904,-264.1,705.55,62.99251459884404,1.1602713106946834,49.37610758251404,83.5404093837228
S10,3480,3540,2,1,2.96871055,0.06809605916269433,2.789018,3.136954,0.0012059729439747294,33.493833333333335,0.044687495143744434,33.41,33.57,-0.002445736905154664,0.48993489583333333,47.71149112461592,-439.06,408.67,63.09845672263565,4.973091012808506,19.026297590440446,140.29611541307906
S10,3510,3570,2,1,2.9873811625,0.06922181160277031,2.789018,3.159979,9.299274813797314e-05,33.416333333333334,0.05137984905474955,33.34,33.53,-0.0028261601763919526,0.02263541666666651,49.25719616665582,-439.06,408.67,63.105834976927966,4.977129798528672,19.026297590440446,140.29611541307906
S10,3540,3600,2,1,2.97432825,0.05681281196603016,2.836348,3.159979,0.00018224094168298492,33.33883333333333,0.04438812403735321,33.25,33.41,-0.002396569384885109,-0.5558619791666666,61.21781151302692,-440.19,349.18,63.070785623933006,1.2574613764327205,47.0,74.73285756613352
S10,3570,3630,2,1,2.916664129166667,0.06828443584396922,2.769831,3.08067,-0.003140541382662897,33.255,0.055090834083357784,33.16,33.34,-0.0029722738241981413,0.05028645833333372,78.16328549049062,-440.19,598.47,63.04780113546596,2.928715785016403,29.899832775452108,131.5066538240556
S10,3600,3660,2,1,2.780144225,0.09919488727113263,2.571559,2.937403,-0.005483239709022752,33.18066666666667,0.03247392116076437,33.13,33.25,-0.001651070331082338,-0.08777343749999983,53.550479656812705,-376.22,598.47,62.96058344890288,2.66298596949661,29.899832775452108,131.5066538240556
S10,3630,3690,2,1,2.6005772333333335,0.1078598885398501,2.426707,2.810765,-0.006192670855396774,33.14270833333333,0.020990035665100198,33.11,33.21,-0.0009284015347488116,0.03748958333333331,21.04800734951668,-96.21,73.8,62.883840250788566,0.2287418048893894,61.91122676865643,64.04685784642366
S10,3660,3720,2,1,2.424804725,0.09488399437756107,2.241227,2.594584,-0.00545931015121791,33.122083333333336,0.01680257090117101,33.09,33.15,-0.0005938644768142565,0.233515625,17.81829069134338,-95.81,70.22,62.90782600646858,0.1915127668733906,61.91122676865643,64.04685784642366
S10,3690,3750,2,1,2.2787439125,0.07849819558529042,2.14273,2.433103,-0.004445211328321678,33.10091666666667,0.02079646738163866,33.07,33.13,-0.000934912064445421,-0.19106510416666653,51.30039333970317,-312.81,408.07,63.02995396019872,1.0669795883224884,53.637673327615545,80.049984384758
S10,3720,3780,2,1,2.1420854125,0.0805525577317423,1.996904,2.269369,-0.004587971258181548,33.072583333333334,0.022022557879492744,33.03,33.13,-0.0010313026267822613,-0.15249218749999988,54.41051272466449,-312.81,408.07,63.0630032447889,1.0720486996452119,53.637673327615545,80.049984384758
S10,3750,3810,2,1,2.007767966666667,0.07139193558372371,1.886136,2.141451,-0.004107687942498995,33.04029166666667,0.02259052007418626,33.0,33.09,-0.001071841525026346,0.11363541666666663,31.06196534185062,-136.98,169.51,63.07898593464103,0.35114710691271434,61.35144660071187,64.5445582524197
S10,3780,3840,2,1,1.8918097333333335,0.06253879506091044,1.778686,2.005859,-0.003599634427681031,33.0085,0.020802644062714856,32.97,33.05,-0.0009677945797667817,0.0065572916666666835,30.94882037789447,-232.21,169.51,63.125001820912544,0.41430074799263295,61.35144660071187,64.5445582524197
S10,3810,3870,2,1,1.7947554250000002,0.04994932430710192,1.714727,1.893811,-0.002747906678935382,32.980625,0.019300933699349074,32.95,33.03,-0.0008401013906491105,-0.06279947916666681,37.128558826357526,-232.21,204.43,63.08845536911014,1.635041785336861,44.82186966202994,95.50916186418976
S10,3840,3900,2,1,1.7195559708333334,0.037841021444480726,1.640535,1.786361,-0.0020579971266862333,32.95891666666667,0.016191347140439113,32.91,32.99,-0.0005087935554437234,-0.193721354166667,48.1721175699965,-350.3,287.53,63.013195625717024,1.6971759489760492,44.82186966202994,95.50916186418976
S11,90,150,1,0,4.944779041666666,0.18480923395127363,4.657315,5.280958,-0.00895931269292864,34.071666666666665,0.014278966660404136,34.03,34.09,0.000495008593899389,0.1876328124999996,47.59927301063762,-248.08,276.26,64.8304416206357,4.001664458698878,35.90264614203248,111.14405067298924
S11,120,180,1,0,4.7541171,0.0705558187260153,4.581839,4.931075,-0.0031358043438254445,34.08666666666667,0.013249737942901598,34.05,34.11,0.0004777860726746821,-0.3112838541666669,39.421099334655295,-214.87,276.26,64.55020973971283,4.292569361786714,42.638011210655684,176.8897962009115
S11,150,210,1,0,4.648259066666666,0.06551003512773614,4.516597,4.78652,-0.0037012414173857628,34.10233333333334,0.015095989165631577,34.07,34.13,0.0003538950328997018,-0.05474479166666673,33.09274356334711,-159.49,137.85,64.45143306860126,3.656439010423194,43.05810028322197,176.8897962009115
S11,180,240,1,0,4.531143495833334,0.07534053744543276,4.404564,4.670108,-0.004325996338478102,34.101666666666674,0.016448573055299915,34.07,34.13,-0.0005761211132135598,0.01298177083333331,36.53756030528267,-95.04,57.1,64.29805508797733,0.3711011588492517,60.207972893961475,69.45502141674135
S11,210,270,1,0,4.403152841666667,0.07362835680864806,4.258729,4.521715,-0.004224209764058385,34.08533333333334,0.016478942792411903,34.05,34.13,-0.0006155662424698232,0.20330468749999994,40.687665840559085,-157.05,118.2,63.95347260694697,1.5696363206653965,47.686476070265456,92.74157643689264
S11,240,300,1,0,4.229988770833334,0.12621661957927063,4.015672,4.408401,-0.007153910302262219,34.080666666666666,0.014817407180596699,34.05,34.13,0.00011111304015662948,0.19247395833333322,42.19906380804394,-157.05,118.2,64.03058322684673,1.8903634914628071,47.686476070265456,92.74157643689264
S11,270,330,1,0,4.072550129166666,0.07731408033903536,3.910863,4.263846,-0.0036547513793642877,34.08866666666667,0.01454494948618115,34.05,34.13,0.0003533394676990489,0.043544270833333315,42.74042870212311,-145.07,223.72,64.60226874880847,2.3932408306293587,43.266615305567875,93.3702308018996
S11,300,360,1,0,3.9678138541666663,0.07730097706826156,3.811081,4.093796,-0.003898278635045736,34.09766666666667,0.015531330342961626,34.07,34.13,0.00033167242486840476,-0.0819713541666663,42.5839142849422,-145.07,223.72,64.92788079913488,2.4475717422238037,43.266615305567875,93.3702308018996
S11,330,390,1,0,3.7220865374999996,0.25783827591683367,3.216083,3.994015,-0.013513500260421156,34.11333333333334,0.018318175552045485,34.07,34.15,0.0007155679786107329,-0.15568489583333278,39.959264466684296,-270.7,145.73,64.88925526188146,1.896589454360049,46.400431032480725,90.98351499035417
S11,360,420,1,0,3.310312716666666,0.2851205588106454,2.973025,3.818757,-0.015429849098074629,34.123666666666665,0.012905640455071194,34.11,34.15,6.611225889323514e-05,0.09768229166666678,37.44686040457168,-270.7,116.57,64.450181946665,1.5205485441477575,46.66904755831214,90.98351499035417
S11,390,450,1,0,3.0222534375,0.10108534068632846,2.862103,3.218641,-0.0039715051493949775,34.123333333333335,0.01299572579307907,34.09,34.15,0.00013889130019620888,-0.001843750000000203,37.708456827190446,-109.89,143.2,64.25089330493398,1.0768884272084516,55.94640292279746,73.89857914736926
S11,420,480,1,0,3.0483769833333336,0.11454035533393774,2.862103,3.27914,0.005406305213632175,34.139,0.02134635019544598,34.09,34.21,0.0009550165801485443,-0.048333333333333575,54.635075380249596,-523.08,303.81,64.71754892834802,2.381199426104001,46.78675026115834,94.0744386111339
S11,450,510,1,0,3.1483253666666666,0.051611356160399,2.975957,3.27914,0.0008275241063212469,34.180166666666665,0.03164867910180286,34.11,34.23,0.0016130835604783145,-0.1179947916666664,83.0289746447737,-523.08,436.48,64.85517962999329,3.8955033044057514,33.075670817082454,123.26394444443193
S11,480,540,1,0,3.1484319416666664,0.041106156263244355,2.975957,3.225411,-0.0005986780152433276,34.22983333333333,0.028780298044940294,34.18,34.27,0.0014680810430733504,-0.14075781249999944,84.91386254104368,-334.69,436.48,64.44224085159941,4.081677844275745,33.075670817082454,123.26394444443193
S11,510,570,1,0,3.134189629166667,0.02511824697455979,3.070621,3.197267,-0.000282793602319478,34.26466666666667,0.018926759422105328,34.23,34.31,0.0008233476275624554,0.09065364583333349,60.25358837572142,-264.07,328.81,64.54403449081566,3.203986316304368,37.067505985701274,135.21094630243513
S11,540,600,1,0,3.1112004208333333,0.02388958159520028,3.02201,3.151214,-0.001032438516293684,34.282666666666664,0.015902480589168228,34.25,34.31,0.0005266758103437864,-0.0524427083333333,43.99345024903623,-245.93,303.04,64.81240952593141,3.183618320342665,42.37924020083418,135.21094630243513
S11,570,630,1,0,3.0888454750000003,0.015978362326889928,3.02201,3.121792,-0.0005116674872827845,34.29900000000001,0.015242484486898302,34.27,34.33,0.0005905658084342295,0.15848958333333343,41.14394771599028,-217.39,173.31,64.56734962559487,2.476676164983063,42.37924020083418,115.86630226256467
S11,600,660,1,0,3.0722844958333337,0.01416313515904287,3.041199,3.103882,-0.0007907416812791965,34.311166666666665,0.013673778637312176,34.29,34.34,0.0002419486449415513,0.23953906250000012,39.76460526388694,-150.1,85.16,64.21958178502835,0.5005234154240242,60.55575942881073,72.29107828771127
S11,630,690,1,0,3.0403565333333336,0.029593549576282466,2.945255,3.074459,-0.0014729417976006357,34.31583333333333,0.013819269959813587,34.29,34.34,0.0001358356915919611,-0.1935390624999998,42.112669318585056,-154.21,134.16,64.22748564557176,1.194555418502435,54.04627646748664,77.42738533619743
S11,660,720,1,0,2.9579655708333337,0.12883456836641963,2.229848,3.050153,-0.003185132747096307,34.316833333333335,0.012973263103612038,34.29,34.34,-0.00013972464799767297,0.038588541666667066,53.62600206850717,-239.31,221.77,64.57201749115237,2.287050237528465,46.195237849804386,91.59694318043589
S11,690,750,1,0,2.8907089083333335,0.11587656137380241,2.229848,3.034802,8.187775134984486e-05,34.313500000000005,0.01288733228148188,34.29,34.34,-0.0001591694300248502,0.1267005208333335,77.6231036021969,-438.46,630.13,64.803114895678,3.243912218945354,41.09744517606904,98.45811292118086
S11,720,780,1,0,2.8581804749999997,0.04737367678934199,2.688125,3.028406,-0.0017103509887324716,34.31333333333334,0.012736648783027738,34.29,34.33,0.00012333547457427072,-0.02450520833333346,71.3482793336305,-438.46,630.13,64.78316362219283,2.6437904165911776,41.09744517606904,98.45811292118086
S11,750,810,1,0,2.811407833333333,0.030541266062311317,2.762322,2.906877,-0.0013422154342957252,34.317833333333326,0.012921773184133591,34.29,34.34,0.00020305908088663862,0.030666666666666488,61.33000815069152,-221.86,349.05,64.51936795727255,1.978165200568114,51.51698748956503,98.11218069128827
S11,780,840,1,0,2.778584375,0.02256723768525311,2.736737,2.862103,-0.0006412537509331629,34.32833333333333,0.01496291712497505,34.29,34.37,0.0005416760707649519,0.0314999999999996,77.73334342809665,-289.41,349.05,64.24204229047706,2.9747377781170754,44.64302857109943,98.11218069128827
S11,810,870,1,0,2.7540440958333336,0.03613348221034036,2.626721,2.853149,-0.0008046123630618672,34.35,0.020493901531918126,34.31,34.39,0.00089390440806256,-0.07584635416666738,91.07266639608186,-371.59,381.32,64.33990951280386,3.8061083209597033,44.64302857109943,110.46718969902331
S11,840,900,1,0,2.74038275,0.035589755318244314,2.626721,2.808375,-0.0005347975450962699,34.36633333333334,0.016326529195009813,34.33,34.41,0.0002600045139672814,0.017278645833332718,95.33883137927644,-411.51,381.32,64.37867454670906,3.5770263873198487,48.33218389437829,110.46718969902331
S11,870,930,1,0,2.7081402708333333,0.03931863695678106,2.619046,2.786628,-0.0018356543707356264,34.3715,0.01641391685938017,34.33,34.41,0.00013972464799712496,-0.055242187500000206,74.48420866542291,-411.51,318.39,64.49450486672168,3.2191627270269714,41.036569057366385,97.23168207945392
S11,900,960,1,0,2.657172725,0.034565066751698535,2.541011,2.746971,-0.0014420027882428557,34.378833333333326,0.01780371371995772,34.34,34.43,0.00040528481397257175,-0.46546614583333346,56.70179599908887,-254.59,252.78,64.68788258388173,3.833410272059464,32.83291031876401,97.23168207945392
S11,930,990,1,0,2.5476529041666667,0.09304851914034767,2.403826,2.69708,-0.005043364594871442,34.387499999999996,0.015559027390339307,34.34,34.43,0.00030694977343348945,0.02921093749999996,48.56121165255083,-248.23,252.78,64.95076623061848,2.8517259783418845,32.83291031876401,95.50392662084633
S11,960,1020,1,0,2.4698178708333334,0.06474286216471394,2.371845,2.56885,0.0010462899616312542,34.38333333333333,0.01523883926754987,34.34,34.41,-0.00045056337783664323,0.29727864583333335,40.54179548003854,-204.45,192.84,64.90441988051049,2.1312723057038387,33.91164991562634,113.02212172844747
S11,990,1050,1,0,2.4616113250000002,0.13565922828483157,1.979115,2.58548,-0.0006338594420041884,34.373666666666665,0.012644717825593859,34.34,34.39,-9.333495373182485e-05,1.1418723958333332,50.54617027467899,-337.42,192.84,64.5958196292143,3.931560728685991,33.91164991562634,113.02212172844747
S11,1020,1080,1,0,2.4728580625000003,0.12463138041206528,1.979115,2.58548,0.0008754341655236949,34.3785,0.015473094928509396,34.34,34.41,0.0004708415076648891,-0.013138020833333286,51.22736410603012,-337.42,218.44,64.77935551718694,4.05453640316246,41.012193308819754,132.9135057095403
S11,1050,1110,1,0,2.5007617083333336,0.010624306149811868,2.456276,2.520238,-7.299300335077834e-05,34.393499999999996,0.01701225048800548,34.34,34.43,0.0006280664594871563,-1.3199348958333335,38.879212986758354,-244.09,218.44,64.79050812900721,2.8191041221844118,42.40283009422838,132.9135057095403
S11,1080,1140,1,0,2.4774260375000003,0.025154127612304372,2.421736,2.511284,-0.0013545764943835679,34.41166666666666,0.015616942366830124,34.37,34.45,0.000561676417993383,0.04600520833333318,32.37379415595361,-223.56,132.22,64.50363443237978,1.6355106278800942,42.40283009422838,91.2633551870629
S11,1110,1170,1,0,2.431186466666667,0.02904009141010441,2.389755,2.48314,-0.0015879663605271115,34.41766666666667,0.013211947455072016,34.39,34.45,-0.00013500234379067074,0.0922656250000001,37.692062895039456,-107.9,72.65,64.3082582270662,0.2632070812823454,63.13477647065839,65.7723346096214
S11,1140,1200,1,0,2.3955059958333336,0.01997268958884814,2.357773,2.442204,-0.0008867103925415119,34.42166666666667,0.016849002608134666,34.39,34.47,0.00045056337783622435,-0.05115364583333335,42.43598481091521,-214.62,112.02,64.31806192186365,0.6373236608225673,55.326304774492215,70.22107945624305
S11,1170,1230,1,0,2.3684658083333336,0.02389055947450644,2.302766,2.428132,-0.001027637590930381,34.425,0.01658312395177802,34.39,34.47,-0.0001727807774438428,-0.09391406250000016,66.16140791826449,-399.02,330.17,64.41378061852875,1.643887595928923,51.07837115648854,81.02468759581859
S11,1200,1260,1,0,2.350284445833333,0.018729521293857607,2.29509,2.396151,-0.00016692618101004958,34.423333333333325,0.014907119849999869,34.39,34.45,6.88900848971807e-05,0.24696354166666665,87.41642080944568,-399.02,330.17,64.57328601022944,2.9642144278779536,43.88621651498338,97.88769074812215
S11,1920,1980,2,1,3.088408370833333,0.08295447948734685,2.869779,3.36357,-0.0011124416170419692,33.690666666666665,0.055071670474836194,33.59,33.79,-0.00303560825708821,-0.022041666666666515,41.39035862847889,-351.29,177.61,66.12569943144518,14.619575194540957,15.652475842498529,139.3197760549449
S11,1950,2010,2,1,3.0687185666666665,0.09486285285165047,2.836519,3.36357,-0.0017272968211254078,33.6,0.05603570290448732,33.5,33.71,-0.0031044983419852776,0.19371614583333344,31.796503500575895,-108.15,177.61,66.16960453166092,14.785553854701007,15.652475842498529,170.55790805471318
S11,1980,2040,2,1,3.0565283833333337,0.08821368216280126,2.778952,3.21006,0.0011100272331116836,33.515,0.043147035433116605,33.45,33.61,-0.0023444851473114854,0.08402083333333316,34.4609482199535,-191.86,149.87,66.45004421258108,15.56141927908096,11.224972160321824,170.55790805471318
S11,2010,2070,2,1,3.0736170583333338,0.0893917496786659,2.778952,3.238204,0.0008366628101182458,33.454166666666666,0.0306208897468534,33.39,33.5,-0.001629750516502145,0.11177083333333301,41.97388109102273,-287.04,152.71,66.3824763509243,16.197693385756338,11.224972160321824,139.74619851716898
S11,2040,2100,2,1,3.0754879416666667,0.08412546758501017,2.842915,3.238204,-0.0007502576225281458,33.39933333333333,0.03609555220368428,33.34,33.47,-0.0019261445511209088,-0.2148307291666668,36.77919229549295,-287.04,152.71,66.52242619381626,15.88574573178531,22.891046284519195,144.187378088375
S11,2070,2130,2,1,3.0780731125000003,0.10055905820250527,2.855707,3.254834,0.0008019743728189798,33.347833333333334,0.02640023148046554,33.29,33.41,-0.001349745655306594,0.03308072916666672,27.75214604152532,-114.58,104.38,66.66384587073388,15.05337336135565,21.095023109728988,167.54999253954026
S11,2100,2160,2,1,3.066320029166667,0.14212620307258025,2.561479,3.368687,-0.0009558460754527248,33.29983333333333,0.03278676901163353,33.25,33.37,-0.0017291966874427491,-0.0757317708333334,35.24998010395318,-272.35,248.26,66.50321747977124,14.167806899384528,6.928203230275509,167.54999253954026
S11,2130,2190,2,1,2.9809672875,0.1900934023097501,2.561479,3.368687,-0.0062951559384711465,33.2395,0.03980891859872681,33.16,33.31,-0.0021086477195788413,-0.13059114583333342,33.04471435906841,-272.35,248.26,66.09813817784963,12.289760484046427,6.928203230275509,154.75464451834716
S11,2160,2220,2,1,2.926892270833333,0.20668309186601955,2.659982,3.26123,0.0007464907949790578,33.17933333333333,0.03360886126537968,33.13,33.25,-0.0017050296012086194,-0.020351562500000142,23.70808374809344,-110.97,124.83,65.7020813256995,10.895696259127668,18.138357147217054,141.8802311810916
S11,2190,2250,2,1,2.9413371874999994,0.16989173289103568,2.659982,3.26123,0.0019069028993558786,33.12983333333333,0.030358506038486395,33.07,33.21,-0.0015697494748175738,-0.018132812500000116,19.93061377624848,-110.97,84.57,65.4873988888726,9.084416791206435,20.049937655763422,141.8802311810916
S11,2220,2280,2,1,2.989191841666667,0.10313415561038256,2.718827,3.234366,0.0021014519661799766,33.071333333333335,0.04318435930853888,33.0,33.13,-0.0024061528845986994,0.13102604166666662,9.817327134828425,-94.79,64.63,64.92728730908627,4.191629577705905,32.66496594212215,128.0859086707043
S11,2250,2310,2,1,3.0493379541666665,0.08348969290298892,2.874896,3.299608,0.0013544154429764202,33.008500000000005,0.03330790696916622,32.95,33.07,-0.001803642424347721,0.003265624999999998,26.460338936365876,-284.04,130.04,64.99588542344145,5.2661441165434315,28.231188426986208,150.97019573412496
S11,2280,2340,2,1,3.134989845833333,0.10386224066829453,2.874896,3.523103,0.00401114043820205,32.95183333333333,0.03909354877157622,32.87,33.0,-0.002059757981909644,-0.03392187499999998,27.700472029562295,-284.04,130.04,65.12336217121538,5.520444156350217,28.231188426986208,150.97019573412496
S11,2310,2370,2,1,3.3119421166666667,0.13469177556673503,3.114116,3.628002,0.006955211253667593,32.888999999999996,0.04338586559391557,32.81,32.97,-0.002347818538516232,0.013731770833333353,11.6202404103219,-83.36,86.03,65.19553515659659,3.6624513391503126,26.758176320519304,97.96938297243685
S11,2340,2400,2,1,3.4820115375,0.12735867205654636,3.309468,4.028554,0.005046789532804376,32.834833333333336,0.02872232967957487,32.79,32.89,-0.0015203041719472447,0.002638020833333314,8.131397128710688,-53.64,35.97,65.39404768406712,3.0637814316008884,26.758176320519304,96.51424765287247
S11,2370,2430,2,1,3.6138105625,0.14766102430368264,3.387502,4.028554,0.005989176296463514,32.7905,0.02974474743547212,32.73,32.84,-0.0015491935623885822,-0.018145833333333347,9.83488243975151,-55.41,55.39,65.46708251253159,3.7581388076254845,34.307433596816885,89.7217922246318
S11,2400,2460,2,1,3.8414505041666662,0.2551533911072416,3.533484,4.73589,0.01159721131096026,32.751,0.024337899115030093,32.71,32.81,-0.0011539089220300482,-0.030830729166666664,10.000247718936635,-55.41,55.39,65.54284727109746,4.337609836948607,34.307433596816885,89.7217922246318
S11,2430,2490,2,1,4.137891941666666,0.2739351009603003,3.742002,4.783222,0.01097135299223939,32.70983333333333,0.03324112245731562,32.65,32.77,-0.0017108630358166755,-0.03163541666666663,5.974804990053008,-38.38,18.95,65.5215838772243,2.589072463230665,42.49705872175156,88.11923740024082
S11,2460,2520,2,1,4.4083844125,0.22643857257416564,3.914701,4.879166,0.009076089711626932,32.660333333333334,0.03434951075181204,32.59,32.73,-0.0018011423809439597,0.009002604166666702,6.598182907215937,-35.74,32.16,65.497076452841,1.595128353466551,55.614746245937326,80.25584090893322
S11,2490,2550,2,1,4.638320495833333,0.1549024720101597,4.27536,4.931615,0.006727782188926864,32.61416666666666,0.028594385618313876,32.55,32.66,-0.0014753033906840024,0.055119791666666675,5.8942392900667535,-35.74,32.16,65.50423351221788,1.334469423965541,55.614746245937326,79.55501241279521
S11,2520,2580,2,1,4.83315645,0.11790876301755876,4.591335,4.993758,0.0061717339467698635,32.56583333333334,0.03267474389936227,32.5,32.63,-0.0016630844285492287,0.022645833333333365,4.366435018456052,-13.92,13.33,65.50921307277649,0.8411812639988628,57.087651904768336,72.61542535852834
S11,4110,4170,3,0,2.7504994833333334,0.02270953616544649,2.712431,2.790465,-0.0012923313981145327,31.627666666666663,0.018651779778050246,31.59,31.67,0.0008027917151339455,-0.030080729166666643,15.136395052183808,-54.22,45.14,62.9011481236842,0.4410476795895608,61.587336360651285,64.47480127925948
S11,4140,4200,3,0,2.7175960916666666,0.01637421023031635,2.689404,2.752088,-0.0009034618448236946,31.65,0.018257418583506508,31.61,31.69,0.0006955676313824998,0.1153880208333333,16.72227687583063,-54.22,45.14,62.9062890583203,0.4181370322250082,61.69278726074872,64.50581369148055
S11,4170,4230,3,0,2.6925174291666667,0.014925575076971603,2.651027,2.720107,-0.0008179401500025946,31.673333333333336,0.021029080394117435,31.63,31.71,0.0008822375388460241,0.049776041666666646,14.53857958702211,-50.08,30.97,62.92901250555733,0.44465538200003574,61.69278726074872,64.50581369148055
S11,4200,4260,3,0,2.665269345833333,0.017551052686175222,2.634397,2.699639,-0.0009353804805638913,31.70466666666667,0.024184476196289027,31.65,31.75,0.001161131269639855,-0.05005729166666665,12.265340190827065,-46.42,23.25,62.91491168671168,0.4630424241930325,61.587336360651285,64.40496875241847
S11,4230,4290,3,0,2.634226175,0.026090352582631798,2.549966,2.666378,-0.0011725775621104738,31.735,0.020856653614613765,31.69,31.77,0.0009416830153300394,0.009648437499999914,24.49170898735316,-209.12,174.36,62.87001367227049,1.2510102644882934,49.48737212663449,88.73556220591607
S11,4260,4320,3,0,2.5606265208333334,0.06365874460197565,2.444762,2.651027,-0.0035421381048282,31.763333333333332,0.023285665595430143,31.71,31.81,0.000994461709404269,-0.004197916666666824,27.892533242047875,-209.12,174.36,62.70764595102192,1.2645378396676796,49.48737212663449,88.73556220591607
S11,4290,4350,3,0,2.5131629875000003,0.06486335631691964,2.423015,2.659677,0.0012258092831472624,31.779000000000003,0.015242484486897911,31.75,31.81,5.555652008959912e-07,-0.17623437500000008,28.330275409504964,-309.63,293.95,62.52870349036051,0.6608786937933946,56.79788728465171,68.7749954561976
S11,4320,4380,3,0,2.548211279166667,0.06802690991004638,2.423015,2.659677,0.002022808144238612,31.782666666666668,0.014590712418825882,31.75,31.81,0.00014333582180243995,-0.00811458333333334,33.618486675355236,-309.63,293.95,63.078149609817714,3.0399527356171787,37.589892258425,92.66067126888301
S11,4350,4410,3,0,2.5630826166666667,0.0221646627315431,2.527914,2.631533,-0.0006698947065053466,31.764333333333333,0.02900383116455801,31.71,31.81,-0.0014150245663987597,0.20949218750000015,41.69021348524437,-517.92,207.69,63.31077873548579,3.3717552411704244,37.589892258425,92.66067126888301
S11,4380,4440,3,0,2.557230020833333,0.020153488149376696,2.524076,2.631533,5.4599477421507794e-05,31.730666666666664,0.020965580258021404,31.71,31.77,-0.0008455702355941553,0.3386041666666671,37.63442923277367,-517.92,207.69,62.64395184982308,1.7784546110919095,43.243496620879306,84.62269199216011
S11,4410,4470,3,0,2.5339742958333336,0.03149511413682525,2.474185,2.596993,-0.0016004425719196526,31.724333333333334,0.015531330342961995,31.69,31.75,0.00028278268719943823,0.03567447916666685,27.833508302779784,-263.15,142.37,62.41328350547664,1.024827415550564,52.848841046895245,84.4393273303382
S13,90,150,1,0,8.407698858333333,0.36681378289037425,7.822742,9.10321,-0.01749430591156096,34.78983333333334,0.01110430347007634,34.77,34.81,-8.097362801446938e-05,0.941447916666667,117.80458413210818,-756.5,526.02,63.36192593843192,6.19683115573345,32.526911934581186,127.07084638106413
S13,120,180,1,0,8.109145533333333,0.11182619817894741,7.508468,8.291369,-0.0016784390388722124,34.77550000000001,0.023375557034361432,34.71,34.81,-0.001029878990954941,-0.3210468750000002,93.89657336387185,-392.71,536.76,63.08142177113778,5.274334302243822,32.526911934581186,140.47419691886478
S13,150,210,1,0,8.047208445833334,0.12555058416064982,7.508468,8.291369,-0.00320150540981623,34.74141666666666,0.028644249956240823,34.66,34.81,-0.00129703640688234,-0.7032500000000004,83.38932697593859,-392.71,536.76,62.71829291545582,5.06706115722746,39.67366884975475,162.27754003558226
S13,180,240,1,0,7.9801596916666675,0.08805837525606675,7.818047,8.281136,-0.0010539738294067422,34.70341666666666,0.027703665020274396,34.66,34.77,-0.0011698119759027898,0.47923958333333344,48.36620785136836,-324.32,190.61,62.707746021583986,3.8933096108388474,39.67366884975475,162.27754003558226
S13,210,270,1,0,7.8694618375,0.1196026157823388,7.610808,8.116112,-0.005469876284310549,34.677499999999995,0.0172843860174451,34.65,34.71,-0.0003761176409311928,-0.23811979166666658,72.41909518527831,-550.07,305.19,62.90215110496913,2.2313138209654912,40.0374824383352,93.94147114027967
S13,240,300,1,0,7.6526201875,0.17058023893877824,7.241454,7.943413,-0.009316661325717426,34.675,0.015165750888104554,34.65,34.71,0.000216531537005952,0.1566927083333335,79.93781937224023,-550.07,305.19,63.10683384048516,3.8158689656133884,31.448370387032774,107.98611021793498
S13,270,330,1,0,7.276908816666666,0.28304509920071286,6.636915,7.755363,-0.015707845226479597,34.68808333333333,0.01831646951668367,34.66,34.71,0.0006041077102032843,-0.14711979166666692,76.76398979675886,-640.72,286.49,63.0962279807321,3.781585593832185,31.448370387032774,107.98611021793498
S13,300,360,1,0,6.899343837499999,0.2330369215001372,6.348374,7.321314,-0.009941650683171533,34.71574999999999,0.02574433594663778,34.66,34.77,0.0011807843886182028,-0.6165182291666671,82.86484717056582,-640.72,331.4,62.93034558379257,1.4578239049255484,46.49731175025068,74.444610281739
S13,330,390,1,0,6.732293470833333,0.17111421133115298,6.348374,7.321314,-0.003851406654629421,34.745333333333335,0.022764494771952824,34.71,34.83,0.0009247382767062004,0.8938098958333325,97.12575961972526,-518.44,331.4,62.918804548609224,4.223578755894757,31.827660925679098,158.85528005074303
S13,360,420,1,0,6.540965895833334,0.18939734487958107,5.972275,6.78332,-0.009851169956075592,34.78150000000001,0.031055058632478875,34.73,34.83,0.001462664282365892,0.5338515624999991,110.53918424747741,-594.42,532.26,63.16181318753579,5.704159727441279,31.827660925679098,158.85528005074303
S13,390,450,1,0,6.267711979166666,0.16485408131894116,5.857584,6.642602,-0.008501590286289709,34.80933333333334,0.014360439485691785,34.79,34.83,6.250108508795852e-05,-1.2298411458333334,111.65613901105023,-629.49,532.26,63.07599786523973,4.52346354809443,34.23448553724738,131.60927019021113
S13,420,480,1,0,5.982531995833333,0.21123521714385715,5.523699,6.295088,-0.01114606228406739,34.81625,0.015278661590597072,34.77,34.84,0.00033271410962023223,-0.27501822916666635,118.3814071633668,-976.29,431.5,62.89686651949849,3.7837116294792335,38.600518131237564,94.61500938011896
S13,450,510,1,0,5.7316151625,0.15865430252142895,5.463575,6.222171,-0.007360504819528157,34.83899999999999,0.025113077602448585,34.77,34.89,0.0011826594211706385,0.6782005208333334,102.33854391398069,-976.29,431.5,63.08747475199403,3.9647152377586425,38.600518131237564,106.01886624558857
S13,480,540,1,0,5.547225533333333,0.1260367494437921,5.252815,5.747569,-0.00596266202538234,34.86625,0.018799933510519607,34.83,34.89,0.0005018837132583723,-0.3712395833333339,74.5205400944158,-308.79,348.22,63.26495494771562,4.038635862538229,39.92492955535426,106.01886624558857
S13,510,570,1,0,5.386128758333332,0.08910673345264056,5.186294,5.562394,-0.003915391906109489,34.85933333333333,0.024451766580124094,34.81,34.89,-0.0009968228615080974,0.040588541666666283,62.12336079131413,-308.79,348.22,63.09879085093894,3.225208233504445,39.92492955535426,95.50916186418976
S13,540,600,1,0,5.203590095833334,0.13788333205659165,4.971379,5.426793,-0.007922557157242363,34.8255,0.028834296708375517,34.75,34.89,-0.001380301741350061,0.22915364583333328,29.726124338095154,-103.69,153.47,62.820611583244236,0.5218455778875557,60.166435825965294,68.49087530467106
S13,570,630,1,0,4.9833073125,0.1192013939114102,4.572885,5.193969,-0.006744620779874689,34.785000000000004,0.030110906108362704,34.71,34.84,-0.0015215541936492432,-1.3017369791666666,30.434000603570205,-229.51,110.11,62.93024714779445,2.1572634480231745,40.718546143004666,113.65737987477979
S13,600,660,1,0,4.75642105,0.1597877497532977,4.268963,4.984172,-0.008742946297678765,34.753166666666665,0.018073153816889554,34.71,34.79,-0.0005318147884509732,0.13166145833333331,47.01510751986152,-229.51,263.68,63.54864720308468,2.3335552970834113,40.718546143004666,113.65737987477979
S13,630,690,1,0,4.588309354166666,0.3284806680368655,2.841262,5.304616,-0.0009331470737338785,34.74616666666667,0.015339672602621347,34.71,34.77,0.00031431101234380616,1.2841953124999994,60.55480897224413,-252.97,263.68,63.933014777827246,1.170753212589998,56.78027826631356,75.53145040312677
S13,660,720,1,0,4.4161916,0.3501302790596166,2.841262,5.304616,-0.005106339908678935,34.752833333333335,0.015978283873921233,34.71,34.79,0.000311810968940357,1.371403645833333,62.67402408355996,-258.98,267.62,63.82424918133223,1.3723868280769356,46.66904755831214,76.24303246854758
S13,690,750,1,0,4.26036255,0.10795921956915411,3.662688,4.494112,-0.002875631719300644,34.765666666666675,0.022387992813610286,34.73,34.81,0.0007275126304276499,0.28561458333333267,80.84820164774459,-477.71,267.62,63.7643547544001,1.5684985671059146,46.66904755831214,76.77239087067694
S13,720,780,1,0,4.120057741666667,0.16871742959533922,3.662688,4.416077,-0.0058445065087935795,34.798750000000005,0.03264869828951889,34.73,34.84,0.0016850986996297722,-1.1450208333333343,84.49543817321087,-477.71,367.27,63.449400944915375,2.243063135841675,47.916594202843754,96.38464608017192
S13,750,810,1,0,4.0082407375,0.09789340643910563,3.715138,4.220442,0.0005185914390875002,34.830416666666665,0.016852093506610696,34.77,34.87,0.0005835517977742822,-0.12459895833333352,58.44955759247312,-340.65,367.27,63.07963162383094,2.5400277298592133,34.19064199455752,107.95369377654477
S13,780,840,1,0,3.9802517916666664,0.06438482933384436,3.492548,4.127057,-0.0028752732825222966,34.830416666666665,0.013747474515544436,34.81,34.87,-0.0003753537387804601,0.19503385416666638,74.52857913347808,-367.08,717.77,63.00116057265143,3.314286599806726,27.294688127912362,107.95369377654477
S13,810,870,1,0,3.873514258333333,0.09456596132642865,3.492548,4.127057,-0.005068898977412783,34.810916666666664,0.018752592413376023,34.75,34.84,-0.0008074445736904371,-0.32321354166666694,79.47159596513755,-367.08,717.77,62.94783550694869,3.0994295158082297,27.294688127912362,93.32738076256078
S13,840,900,1,0,3.7447736083333334,0.06581666889895697,3.655013,3.877603,-0.0036707099810760475,34.79683333333334,0.015109783438407472,34.75,34.84,-0.000285838295803969,-0.5125468749999998,49.77224039387747,-299.29,190.4,62.92758822276916,1.1976082270945607,47.53945729601885,77.95511529078769
S13,870,930,1,0,3.6534244,0.04410296875738638,3.568024,3.733047,-0.002502966527196648,34.78783333333334,0.015447941250823176,34.73,34.81,-0.0004854250941860501,0.3192786458333335,37.000055932889346,-112.63,69.27,63.02764494270955,0.3367028498160756,61.34329629226001,64.66838485689897
S13,900,960,1,0,3.5811266791666667,0.04420170146726518,3.441378,3.667805,-0.002151834512751974,34.77616666666666,0.015230634334203057,34.73,34.81,-0.00022014271081081515,0.3193359374999999,72.90777622885741,-738.58,297.22,62.92408077869007,2.032203194455145,45.617978911828175,90.38805230781334
S13,930,990,1,0,3.5519023375,0.037392727996099204,3.441378,3.638236,0.0008565865987256563,34.793,0.02590366769397634,34.75,34.83,0.001201965311897704,1.2705338541666662,117.00265955044122,-797.02,562.55,62.72252774857705,2.226528575080001,45.617978911828175,90.38805230781334
S13,960,1020,1,0,3.5784200416666665,0.054944824789191306,3.415646,3.704757,0.001679650375874605,34.839000000000006,0.03189566323708081,34.77,34.91,0.0015559992360976234,-0.24860156250000004,125.33067235857177,-797.02,562.55,62.74557167638984,2.4952049020123797,42.67317658670374,92.49324299644812
S13,990,1050,1,0,3.578100233333333,0.051288256802562084,3.415646,3.704757,-0.0013300588100487694,34.87466666666666,0.02213343373471113,34.81,34.91,0.0007248736957240771,-1.1997291666666665,86.80740870167458,-693.07,386.16,62.81019085854304,2.319466385485163,42.67317658670374,92.49324299644812
S13,1020,1080,1,0,3.5204166416666665,0.04860285095861076,3.384944,3.625443,-0.0027024177503081944,34.87766666666666,0.018517259216440915,34.83,34.91,-0.000645705654612078,-0.012057291666666551,52.94038935874056,-374.21,575.93,62.83093335284746,1.4172896116788147,51.58488150611572,100.13490899781155
S13,1050,1110,1,0,3.452584304166666,0.0484276015484625,3.338891,3.529499,-0.0024636631972776934,34.8695,0.01969983079453438,34.83,34.91,-0.00010305734474557773,-0.24921614583333315,66.10403041115657,-374.21,575.93,63.03985706453621,2.7431476050050736,40.44749683231337,100.13490899781155
S13,1080,1140,1,0,3.399783208333333,0.04927880216463868,3.297955,3.529499,-0.0018316915814510922,34.882166666666656,0.023351778423827102,34.83,34.93,0.0009257105158075529,0.13074479166666672,68.90461569692643,-291.9,574.17,63.262007678445826,4.205359813253508,21.6794833886788,147.39742195845895
S13,1110,1170,1,0,3.3445142249999993,0.04808403838315485,3.260857,3.474492,-0.0021337776454452176,34.90666666666666,0.020709632756012494,34.87,34.95,0.0009083491032829733,0.09947395833333322,67.31582358039314,-522.93,230.58,63.170317943022184,3.7664906492413173,21.6794833886788,147.39742195845895
S13,1140,1200,1,0,3.284501341666667,0.039486175564682514,3.208407,3.354242,-0.0019831222486501377,34.93766666666667,0.024756592836837246,34.89,35.0,0.0012034931162000979,-0.2629218749999998,71.80896588021277,-522.93,371.61,63.05120217118465,2.837356563493636,37.3496987939662,89.56003573022959
S13,1170,1230,1,0,3.2414652125,0.039580910815387726,3.123977,3.346566,-0.001214989518915281,34.955999999999996,0.015132745950420783,34.93,35.0,1.5278043022149022e-06,-0.13077343749999978,68.66631849932507,-451.38,371.61,62.89625144616707,2.6256133925607075,37.3496987939662,89.56003573022959
S13,1200,1260,1,0,3.167492508333333,0.06699836906864423,3.071527,3.294117,-0.0032115988819250508,34.964666666666666,0.01647894279241066,34.93,34.99,0.0004686192468620046,0.21644270833333368,77.8425059846526,-398.04,374.46,62.836259741081385,2.2682783672543025,47.21228653645151,119.31890043073645
S13,1680,1740,3,0,4.0660018791666666,0.7352245611244269,3.546129,5.829757,0.03339590845848018,34.988583333333345,0.010668945069166904,34.97,35.0,-0.00017451691869683244,-0.04517447916666673,101.95172040384061,-783.79,559.04,62.60362331715619,2.8244456795893336,31.160872901765767,92.82779756085996
S13,1710,1770,3,0,5.639654108333334,1.3482919570574055,3.567877,8.157048,0.07467784217087096,34.992000000000004,0.013638181696986234,34.97,35.03,0.00023167068872756257,-0.20648697916666656,103.9367371631023,-783.79,559.04,62.76244847986568,3.309087610234503,31.160872901765767,92.82779756085996
S13,1740,1800,3,0,7.1658154625,0.6763830606969004,5.246418,8.226128,0.029023628616816205,34.995000000000005,0.013354150416006624,34.95,35.03,-0.00025722668796334183,-0.10540625000000035,76.82154415321891,-686.21,483.51,63.05930285804587,4.082017237091937,35.4682957019364,99.89494481704267
S13,1770,1830,3,0,7.441502695833333,0.25213089037484404,6.946494,8.226128,-0.009819630498793327,35.001,0.019553345834749793,34.95,35.05,0.0006108439382630955,0.31351302083333277,89.42447547125856,-686.21,483.51,63.139943080862444,3.914075060443293,35.4682957019364,99.89494481704267
S13,1800,1860,3,0,7.028362429166666,0.32549232893430585,6.460378,7.661978,-0.017965946865397032,35.01499999999999,0.020856653614613637,34.97,35.05,0.00023333738432943364,-0.41281770833333326,66.67794257839397,-587.72,385.94,62.804089057520855,1.427790304978191,53.301031884945715,77.02596964660685
S13,1830,1890,3,0,6.6587356416666665,0.17161858631605606,6.28825,7.111517,-0.007861096987794922,35.007083333333334,0.019722906873874554,34.97,35.05,-0.0008425840726399124,-0.22516145833333318,78.94418671121241,-590.66,385.94,62.79062849455066,2.4825420290479583,39.736632972611055,99.86991538997117
S13,1860,1920,3,0,6.3151231375,0.26947285048784336,5.918988,6.873576,-0.014874711968957796,34.989250000000006,0.01148640500766025,34.95,35.0,-0.00030910258858639204,0.14523958333333326,69.60065643881121,-590.66,256.01,62.79433087635445,2.46752435805304,39.736632972611055,99.86991538997117
S13,1890,1950,3,0,5.9020165125,0.19139235465447196,5.577428,6.274178,-0.010808971469990781,34.97208333333333,0.019317342524845713,34.93,35.0,-0.0007824441396553216,-1.3737942708333335,76.53439146577048,-812.17,498.47,62.68279954770762,0.5696080774589437,58.60034129593445,66.41535966928132
S13,1920,1980,3,0,5.614331091666666,0.15423291283620888,5.366668,5.917709,-0.00855100636122155,34.949499999999986,0.019228884523030034,34.91,34.99,-0.0008132085626486813,-0.39811718749999986,86.22559454088429,-812.17,498.47,62.68239895001404,0.6407900368129335,57.227615711297986,66.41535966928132
S13,1950,2010,3,0,5.400705091666667,0.12896393901620304,5.159429,5.716866,-0.00561580238545806,34.92966666666666,0.017885437900396685,34.87,34.97,-0.0007497352384590693,1.2445651041666674,78.4153442667794,-750.98,410.61,62.65990636640944,0.6855569410848177,57.227615711297986,66.46803743153546
S13,1980,2040,3,0,5.356897729166667,0.10271081865013451,5.159429,5.65322,0.0016865445493845156,34.909666666666666,0.018254375426790984,34.87,34.95,-0.0006352888070970538,0.5748984375000006,105.99300157783658,-937.75,495.82,62.96979549748603,4.253694571168525,36.565010597564445,97.12878049270464
S13,3270,3330,2,1,11.0962984375,0.4816896940322207,10.251536,12.393175,0.02343068704144162,34.45808333333334,0.033622805587214255,34.39,34.53,-0.00166870952620675,-1.1750624999999995,161.96464148784995,-706.84,555.9,63.613431633650016,9.84769765601426,24.779023386727733,162.04628968291746
S13,3300,3360,2,1,11.767892716666665,0.5069315541540295,10.916156,12.813226,0.024972667254639733,34.38783333333334,0.05373055203719955,34.27,34.47,-0.0028125488289726277,2.0069114583333336,197.07394108713908,-727.81,740.3,63.5117168084825,9.726191814157696,16.24807680927192,171.60710940983768
S13,3330,3390,2,1,12.319484433333333,0.38097878508523353,11.351865,13.410475,0.016539087074428405,34.29491666666667,0.06142740747328408,34.16,34.41,-0.0033941561485447726,1.858026041666666,200.70851302728622,-727.81,740.3,63.63918767107398,11.206054951044333,13.416407864998739,171.60710940983768
S13,3360,3420,2,1,12.7580701375,0.35667015212839664,11.539915,13.455249,0.016091476614177223,34.199666666666666,0.055796256345943734,34.09,34.33,-0.0030875536033619128,-2.4283437500000002,165.97018080462325,-617.55,462.91,63.52836992706883,10.780159526161823,13.416407864998739,179.94165721144174
S13,3390,3450,2,1,13.167820166666669,0.29686373189677545,12.352534,13.945474,0.012216539328807582,34.10925,0.05206026155652011,33.99,34.21,-0.0028712304033057853,-1.3634869791666673,141.96681309065517,-533.65,462.91,63.39018652342008,8.729164623605834,20.615528128088304,179.94165721144174
S13,3420,3480,2,1,13.515194354166665,0.2881139225191205,12.353813,14.172513,0.012445629971006419,34.019666666666666,0.05205659313563365,33.93,34.13,-0.0028836611746734706,1.9234765624999994,115.37521613704011,-417.93,482.95,63.32001113970215,7.434620709984429,32.09361307176243,162.09256614663116
S13,3450,3510,2,1,13.823690429166668,0.22284842656391282,13.294334,14.282529,0.008426661929894531,33.91433333333334,0.07057777427931702,33.79,34.03,-0.003940068403966024,-1.4277630208333327,152.59112909781118,-726.74,721.52,63.41562938048843,8.365581287426057,22.759613353482084,142.46754016266303
S13,3480,3540,2,1,14.108310108333335,0.27546229501316805,12.983477,14.782126,0.008689117224257411,33.79025,0.0761190131745454,33.68,33.93,-0.0042516710359558965,-1.1228203124999991,141.37106337721738,-726.74,721.52,63.38338633301123,7.464288833745522,22.759613353482084,142.46754016266303
S13,3510,3570,2,1,14.523692629166666,0.4019189991807947,12.983477,15.191026,0.01762977110192879,33.672916666666666,0.06704968100015259,33.5,33.79,-0.0037130505737951653,0.9958984375000004,128.24270138578672,-771.55,625.6,63.27811269838085,5.566055530116898,16.76305461424021,131.86735759845953
S13,3540,3600,2,1,15.028934433333331,0.39120730110544194,13.535446,15.656669,0.01859340288893896,33.56025,0.06920335372412631,33.47,33.68,-0.003809857810031376,0.3067005208333333,125.20125011117061,-771.55,625.6,63.112784187395086,4.660663538091244,16.76305461424021,131.86735759845953
S13,3570,3630,2,1,15.3196295125,0.2553568562726317,13.967243,15.656669,0.00451088663865693,33.471916666666665,0.0394608631712774,33.37,33.55,-0.0020753832531816264,0.785643229166666,80.35771590890742,-497.14,339.51,62.82733932035135,2.035471016440109,43.18564576337837,82.97590011563598
S13,3600,3660,2,1,15.397309641666668,0.3399747004597498,13.558473,15.780756,0.003736545353217756,33.39483333333333,0.055135943106309475,33.31,33.49,-0.0030332471049843764,0.008731770833332911,97.26610274290132,-497.14,354.09,62.88921848313235,2.618016631124436,40.755367744629666,82.97590011563598
S13,3630,3690,2,1,15.501573266666666,0.3795588080678942,13.558473,15.902286,0.006725558506223798,33.3165,0.036711714751560695,33.25,33.39,-0.0019557283980624293,-0.9574531249999996,101.49637212226936,-456.36,452.32,63.04539809372446,6.396505233625927,15.427248620541512,148.43853947004465
S13,3660,3720,2,1,15.611938775,0.2662939102881739,14.354395,15.921474,0.0017518757547873914,33.278,0.020231987873990963,33.25,33.33,-0.0006619559367348567,-0.31541666666666635,86.95858504665294,-456.36,452.32,62.93372439211883,6.328587649454363,15.427248620541512,148.43853947004465
S13,3690,3750,2,1,15.510733345833334,0.3088871123068284,14.278101,15.921474,-0.005717135313113238,33.25966666666667,0.02032786811798652,33.21,33.29,-0.0007219569784197408,0.010015625000000394,93.06735788557576,-474.89,336.63,62.82713136126616,2.103073722167663,44.69899327725402,76.2954782408499
S13,3720,3780,2,1,15.234044458333333,0.5200208482149201,13.376819,15.801225,-0.012279748922724217,33.214166666666664,0.04104029185514699,33.13,33.29,-0.002178648934877527,0.7028359375,109.0352378682392,-585.71,351.41,62.92054012070703,1.8152725007090695,44.69899327725402,76.64202502543888
S13,3750,3810,2,1,14.910502325,0.6529491092520618,13.376819,15.710398,-0.01326794809979352,33.16783333333333,0.01924332496102446,33.13,33.21,-0.000760013194673595,0.5631067708333333,112.60914461950466,-585.71,485.96,62.97081886091276,1.91633143082856,43.474130238568314,79.73079706111058
S13,3780,3840,2,1,14.79151885,0.46257292140798645,13.456132,15.619571,0.003436470216496792,33.13166666666666,0.032897146110599476,33.05,33.18,-0.0016776680150697705,-0.7088046875000005,99.68278807648508,-582.37,492.57,63.026905141476284,4.575621446392081,17.4928556845359,140.63427747174583
S13,3810,3870,2,1,14.695491633333335,0.23470406248876946,13.854669,15.167999,-0.01134653730099482,33.075833333333335,0.03961446144472478,33.0,33.16,-0.0021076754804774047,-1.3740729166666672,90.83111247939598,-753.89,492.57,63.08216684737095,9.007671314336456,17.4928556845359,184.23083346714796
S13,3840,3900,2,1,14.520828729166665,0.16954955224067728,13.854669,14.805971,-0.0033692970624489694,33.034000000000006,0.024337899115028473,32.99,33.09,-0.0006265386551851097,0.8256848958333333,99.39571346548185,-753.89,410.75,62.90587622872571,8.033083056724962,20.024984394500787,184.23083346714796
S14,30,90,1,0,0.28876954166666663,0.00375681880695142,0.277864,0.300891,-0.00010128091459921261,32.05641666666667,0.03274385014353517,31.99,32.13,0.0015950624142778542,-0.2040494791666666,43.67570270772042,-210.57,170.49,64.23491841352887,2.1855934908601746,36.45545226711637,100.88607436113271
S14,60,120,1,0,0.2869732666666666,0.0021334293704945817,0.277864,0.294494,-8.373089810586183e-06,32.08741666666668,0.01477587184868982,32.05,32.13,0.0004027500477438823,0.039994791666666814,34.806239669747285,-117.63,161.67,64.78595759653503,1.3597680439321924,40.311288741492746,80.06872048434394
S14,90,150,1,0,0.2853688125,0.0026678268423338688,0.275305,0.293215,-8.182878348582318e-05,32.091666666666676,0.012270108212870083,32.07,32.11,4.583412906439812e-05,0.11313802083333323,43.46235095389208,-240.0,254.02,64.85539900034127,2.398813006440105,41.53311931459037,93.74966666607408
S14,120,180,1,0,0.28245844583333335,0.002721247934692091,0.274026,0.293215,-9.875667806732588e-05,32.09908333333335,0.015247722962971671,32.07,32.13,0.000548030347748748,0.004749999999999825,47.01929771591572,-240.0,254.02,64.73727741092286,2.5683402723454223,41.53311931459037,93.74966666607408
S14,150,210,1,0,0.2822932833333333,0.009636835174806553,0.270188,0.349502,1.8687789718572236e-05,32.09758333333334,0.016857037765343197,32.07,32.13,-0.0005130297400997524,-0.08401822916666654,45.600895777987475,-156.15,256.61,64.8189497139161,1.8626279781041992,49.08156476723211,80.83316151184488
S14,180,240,1,0,0.27627015,0.012502627563603047,0.251,0.349502,-0.00042291033524887605,32.08341666666667,0.016782720942154754,32.05,32.13,-9.836976336402444e-05,-0.07523958333333321,42.29219810456198,-156.15,256.61,64.38458591019001,2.05512400437569,43.60045871318328,88.35157044444654
S14,210,270,1,0,0.2692555,0.0035376746682437205,0.251,0.279143,1.996547162277045e-05,32.115291666666664,0.04148190284797524,32.05,32.21,0.002266376152363701,0.19908854166666667,28.52219779915713,-149.98,88.55,63.84275848181178,1.356159503788829,43.60045871318328,88.35157044444654
S14,240,300,1,0,0.2690955916666667,0.0018051188787991804,0.258675,0.272747,-3.832406465390051e-05,32.183499999999995,0.038657685738629335,32.11,32.25,0.0021178839910416312,0.04971874999999999,24.86686554337214,-61.81,40.97,63.775036344777035,0.4024011957841326,61.35144660071187,65.27633568147036
S14,270,330,1,0,0.26777914166666666,0.0018697075341517668,0.259954,0.272747,-4.3562218094063026e-05,32.234541666666665,0.026657517961898077,32.18,32.29,0.0013097275994372114,-0.33447656249999996,27.137123196888364,-118.04,68.72,63.94999190544884,1.5707594637719013,49.28488612140643,90.18869108707588
S14,300,360,1,0,0.26568434583333334,0.0026654252914996394,0.251,0.272747,-8.303072796402868e-05,32.245916666666666,0.01784170364312063,32.21,32.29,-0.0003971943957359115,0.29638281250000004,34.78549649375435,-170.72,114.44,64.10077537023433,2.0804078770181826,49.28488612140643,97.75479527879949
S14,330,390,1,0,0.26516724166666666,0.0024560539590836607,0.251,0.272747,3.6012989808851764e-05,32.23516666666667,0.013903436825316974,32.21,32.27,-0.0003077136755847338,0.26933333333333337,34.733736253661064,-170.72,114.44,64.06330667051955,1.5882147017846397,54.99090833947008,97.75479527879949
S14,360,420,1,0,0.26695291666666665,0.0019710957129784952,0.261234,0.272747,4.7297692668274116e-05,32.24175,0.01602927010191201,32.21,32.27,0.0005158075661030351,-0.1636302083333333,28.79578734288381,-97.71,98.72,64.0274631761979,0.821330762009396,54.99090833947008,75.31932023060219
S14,390,450,1,0,0.2685039833333333,0.0018239430660126278,0.261234,0.272747,4.362447611937619e-05,32.26191666666667,0.017214133405109886,32.23,32.29,0.0006635184638621371,-0.12903385416666674,29.9723634044921,-71.2,43.73,64.02076473081144,0.44897562898580107,60.76183012385325,65.97726881282674
S14,420,480,1,0,0.27019902500000004,0.001886688019442625,0.261234,0.274026,6.650896022500486e-05,32.27708333333333,0.01575308611739944,32.25,32.31,0.0002852480077777088,0.057674479166666646,31.607282148680987,-71.22,42.08,63.99133590323013,0.6292125925603457,56.515484603779164,77.07139547199077
S14,450,510,1,0,0.2733705625,0.003265605059468632,0.265071,0.281702,0.0001484452108543578,32.27525,0.017052003792320816,32.23,32.31,-0.0005505303911529071,0.11346093749999998,33.460115729963285,-209.02,208.1,64.63809479316652,2.241658948848733,43.86342439892262,101.41991914806479
S14,480,540,1,0,0.2783276333333333,0.0038673875827948184,0.265071,0.28426,0.0001926674629767879,32.255583333333334,0.020012322592733032,32.21,32.29,-0.0008869251202279025,-0.3530703125000001,30.76729973772977,-209.02,208.1,65.32948822012915,2.1246691262420407,43.86342439892262,101.41991914806479
S14,510,570,1,0,0.27981474166666664,0.00337846180974871,0.271468,0.288098,-0.00010398243025052204,32.23116666666667,0.01728117151378624,32.21,32.27,-0.0006766089689059777,-0.20889322916666667,31.454307803957473,-194.11,206.53,64.919274420566,2.025950486539858,53.094255809833136,112.32987136109433
S14,540,600,1,0,0.2778212083333333,0.0036574216838182413,0.26763,0.288098,-5.138177398912948e-05,32.23191666666666,0.0177386505186338,32.21,32.27,0.0006878244413967272,0.029130208333333397,39.893098464230576,-194.11,206.53,64.63527179516919,3.20186702793969,24.71841418861655,112.32987136109433
S14,570,630,1,0,0.2752947333333334,0.003948020494993524,0.265071,0.28426,-0.00010224978211427336,32.24883333333333,0.015873632924516132,32.21,32.27,0.00045438288859192815,0.28518489583333334,35.97618876549896,-142.53,194.07,64.29215682759371,2.7614020513915025,24.71841418861655,110.98198051936178
S14,600,660,1,0,0.27391420833333335,0.0035661547075616206,0.265071,0.281702,2.4581853851629033e-05,32.2635,0.018377975949490352,32.23,32.31,0.0006054966232048627,0.2388098958333333,29.50527301770443,-124.2,129.8,64.07367621734356,2.3141222587311296,32.449961479175904,87.36704184073076
S14,630,690,1,0,0.27776795000000004,0.004284937560513572,0.270188,0.285539,0.00020522283720203323,32.26683333333333,0.017223207857100947,32.21,32.31,-0.0004446604975779586,-0.16559895833333346,32.33558606395719,-129.38,129.8,64.6076732469363,2.4183791301426907,32.449961479175904,87.36704184073076
S14,660,720,1,0,0.2826024541666667,0.002471730557301767,0.271468,0.289377,8.756665393496197e-05,32.24829166666667,0.019386376588271408,32.18,32.29,-0.000802913245021524,-0.3037239583333334,29.946392789116537,-129.38,100.83,64.89925238802817,1.2254072010369217,55.97320787662612,84.76437931112338
S14,690,750,1,0,0.28623227500000004,0.002930607604697078,0.277864,0.295773,0.00014003352488758445,32.211708333333334,0.029986078945996794,32.15,32.25,-0.0014496258615600173,0.06782291666666662,29.677494208573126,-132.95,89.8,64.95830271767156,0.9924988023555786,54.92722457943783,72.6773692424265
S14,720,780,1,0,0.289409075,0.002267210265070637,0.281702,0.295773,6.735209639056357e-05,32.17141666666666,0.02365712835959236,32.13,32.23,-0.0010170662685114952,0.25955208333333324,40.921016074508756,-283.33,193.77,64.99178978259083,2.086931165337488,44.68780594300866,85.55699854482975
S14,750,810,1,0,0.2898567875,0.002240591097756069,0.281702,0.295773,-4.074941058004408e-05,32.15458333333332,0.011718634258686968,32.13,32.18,-0.00010906439347930121,-0.4595781250000002,42.52093181144656,-283.33,193.77,64.91117564368791,3.312493001899221,44.68780594300866,106.97663296253066
S14,780,840,1,0,0.28812448333333335,0.0024563505924553148,0.279143,0.294494,-4.817548915779845e-05,32.160458333333324,0.011189575381676819,32.13,32.18,0.00032071737356582014,-0.04396614583333355,34.6317207079227,-135.75,148.53,64.76614188929709,2.7575634973839382,48.76474136094644,106.97663296253066
S14,810,870,1,0,0.291125475,0.0054473761573233595,0.279143,0.306008,0.0002587900727443179,32.160624999999996,0.013541025625852524,32.13,32.18,-0.00042672615844022176,0.1923203125,35.352552842117234,-135.75,104.59,64.60478179077525,0.6648017997727629,60.4648658313239,70.51241025521678
S14,840,900,1,0,0.2931136708333334,0.004392509990026502,0.281702,0.307287,-9.428128786958341e-05,32.14858333333333,0.013771700048366512,32.11,32.18,-0.00040775013455117865,-0.04356250000000005,40.213459821933505,-138.99,177.09,64.65416008072603,1.6380885982918625,45.48626166217664,85.96510920134982
S14,870,930,1,0,0.29053917083333336,0.002753628713470513,0.281702,0.307287,-1.049958679837924e-05,32.14820833333333,0.014906595762352396,32.11,32.18,0.00029797392315818145,0.1974374999999999,35.07126820766552,-138.99,177.09,64.54834663184214,1.9058597173507124,45.48626166217664,85.96510920134982
S14,900,960,1,0,0.292175525,0.002993899000363068,0.281702,0.300891,0.00014567787287973375,32.16620833333333,0.021198425976682735,32.13,32.21,0.0009540964252850216,-0.7633151041666667,41.241894975516615,-490.66,189.62,64.73321796740684,2.254063904195016,51.01960407529639,94.21252570651102
S14,930,990,1,0,0.29482466249999995,0.007207346769576662,0.26763,0.311125,0.0001534145887949425,32.1855,0.01829617446353334,32.16,32.21,0.0004201461830934449,0.40548177083333325,54.27792485523754,-490.66,189.62,65.02504710701707,3.0091040300301857,44.36214602563767,94.21252570651102
S14,960,1020,1,0,0.3007626708333333,0.00894787724849583,0.26763,0.311125,0.00038939943228181106,32.183375,0.020672672178507767,32.15,32.21,-0.0006595427003941297,0.7107265624999999,43.20582502404699,-261.37,174.24,64.85425574183141,2.3424283353951605,44.36214602563767,92.70922284217467
S14,990,1050,1,0,0.3073987833333333,0.0021957989763915537,0.297053,0.312404,9.082559419434547e-05,32.15345833333333,0.028681409726316918,32.09,32.21,-0.0014521606277886102,-0.2994322916666667,30.46239413349473,-83.74,60.95,64.8158144867819,0.5944927095776714,60.991802727907626,69.86415389883427
S14,1020,1080,1,0,0.3100958666666667,0.0023469562946269143,0.30217,0.317521,9.326040382645514e-05,32.12233333333334,0.01773571412589702,32.07,32.15,-0.0006604281324328727,0.12637500000000002,36.74591323272959,-88.58,60.95,64.8091801304042,0.5817215755744372,62.24949798994366,69.86415389883427
S14,1050,1110,1,0,0.31230258749999995,0.002895392420267723,0.30217,0.317521,3.759892532856515e-05,32.105250000000005,0.01599283693824578,32.05,32.15,-0.0004221948297711767,0.31755989583333327,41.21497675690153,-199.29,184.68,64.7856031861753,1.954986948831307,35.679125549822544,95.53009996854395
S14,1080,1140,1,0,0.3101491708333333,0.003918078167288485,0.30217,0.317521,-0.00015603509956770267,32.09450000000001,0.01590859306580302,32.05,32.11,-0.000136460702442999,-0.13868489583333332,37.13613849412558,-199.29,184.68,64.71561422542018,1.98292303429223,35.679125549822544,95.53009996854395
S14,1110,1170,1,0,0.30797449583333336,0.0025365473137677987,0.300891,0.317521,3.377859164221367e-05,32.1135,0.02900143674601763,32.07,32.16,0.0013910658171151227,-0.46716666666666645,36.57446518880655,-155.26,222.83,64.59159062497704,1.674366706761654,53.96295025292817,81.73738434767778
S14,1140,1200,1,0,0.3078998666666667,0.002690784789280298,0.299611,0.317521,-4.947887984166442e-05,32.15808333333333,0.031032129407366684,32.09,32.23,0.0016179100331604036,0.07203906250000006,36.57521120472648,-155.26,222.83,64.58475686879002,1.6942958810706792,53.96295025292817,81.73738434767778
S14,1920,1980,2,1,0.3356116125,0.00632289650231683,0.313683,0.344385,0.0002329610843938238,32.65104166666666,0.014352639613982532,32.61,32.68,0.0005077692321045973,0.3838671875000002,37.14601277627344,-113.85,165.75,65.51078513486905,7.693276946769002,36.45545226711637,112.73420066687837
S14,1950,2010,2,1,0.3378982916666667,0.0025070648688450855,0.329034,0.344385,-7.360351047761442e-05,32.665124999999996,0.014662345480857463,32.63,32.71,0.00046328929321699173,-0.10593750000000005,43.28715673420363,-129.02,169.31,65.50174119772466,7.600440232839624,36.45545226711637,114.56875664857326
S14,1980,2040,2,1,0.33908692083333336,0.004048036238667581,0.329034,0.349502,0.0001414473428358138,32.68920833333333,0.02721439442443873,32.65,32.75,0.0012332679386793458,-0.2474114583333333,51.371683463179586,-196.95,253.72,65.5327777078073,7.358798876115202,40.64480286580315,114.56875664857326
S14,2010,2070,2,1,0.34089915416666666,0.003703827588508853,0.329034,0.349502,-2.4782511849164325e-05,32.72695833333333,0.028988473523492923,32.66,32.77,0.0013864997656207064,-0.04738802083333334,50.21515052569483,-196.95,253.72,65.62830710306653,7.593019993317617,40.64480286580315,124.1370210694618
S14,2040,2100,2,1,0.3406006541666667,0.0028022245926940443,0.330313,0.348223,-1.3846030313025896e-05,32.74883333333333,0.013365585991228692,32.71,32.77,0.00013771072414462784,0.10270833333333318,41.64826099383699,-162.58,211.2,65.7279113761143,7.478859057391614,41.20679555607303,124.1370210694618
S14,2070,2130,2,1,0.34087782499999997,0.0021722459370526336,0.331593,0.348223,1.4871334571783022e-06,32.759249999999994,0.014925509483209356,32.71,32.79,0.0005090713380440976,0.6220442708333332,36.90978353128294,-119.63,190.11,65.55963757835852,6.901544495807782,41.24318125460256,113.23427043081966
S14,2100,2160,2,1,0.3420931458333333,0.0027157213620385753,0.334151,0.350781,9.06603604229261e-05,32.78033333333334,0.01750872798222478,32.75,32.83,0.0007693189117864254,-0.5290208333333334,39.93028790422314,-160.39,220.18,65.1390071821346,5.525212438674503,41.24318125460256,96.27045237246992
S14,2130,2190,2,1,0.34765257499999996,0.00510851633738946,0.334151,0.355898,0.00025645929616833205,32.801500000000004,0.017158574144335373,32.77,32.83,0.0004327158457609308,-0.46974999999999995,41.31553112480826,-175.02,220.18,65.38974810539325,5.968590443302772,28.6705423736629,109.57189420649804
S14,2160,2220,2,1,0.3511758291666666,0.0023921036714537806,0.341827,0.355898,-5.00834858244067e-05,32.81883333333334,0.01639020710329426,32.77,32.87,0.00038604836889518854,0.2885364583333334,45.605196482895046,-175.02,201.93,65.73029698054643,7.039948249040562,28.6705423736629,121.67990795525776
S14,2190,2250,2,1,0.3494807708333333,0.0027211722721986287,0.341827,0.354619,-6.619182103855946e-05,32.84075,0.019944192972724893,32.79,32.87,0.0008253268285907178,0.019106770833333484,50.27360814995959,-174.02,278.21,65.56067156054601,5.92016423169273,29.359836511806396,138.11589336495638
S14,2220,2280,2,1,0.3604236583333334,0.020692915339150835,0.341827,0.57465,0.0005583744752513078,32.869749999999996,0.02156240942009844,32.83,32.91,0.0009047032066526356,0.11181250000000051,51.34185981250105,-191.14,278.21,65.51964655425517,5.687328641123662,28.53068523537421,138.11589336495638
S14,2250,2310,2,1,0.3653541291666667,0.021080662065721494,0.325196,0.57465,-0.0005401108578273954,32.884833333333326,0.014490418290105316,32.84,32.91,0.00017882254900252888,-0.031744791666666335,48.24986127924223,-210.74,263.12,65.18035569415738,4.674218107497645,28.53068523537421,111.77656283854859
S14,2280,2340,2,1,0.33334089166666664,0.02939862092281309,0.293215,0.380204,-0.001611501887185541,32.91083333333333,0.03277660073216273,32.84,32.97,0.001701973992603724,-0.1514635416666666,32.99602360108027,-210.74,263.12,64.6086421882306,1.5046526486825569,54.56189146281496,71.09149034870488
S14,2310,2370,2,1,0.3067697875,0.012037255377258712,0.291936,0.350781,-0.00014685136026666826,32.964333333333336,0.034247465437444245,32.89,33.03,0.0018357957603431193,-0.007833333333333218,18.311960377240855,-104.83,66.83,64.1877055203467,0.9359273653726756,58.557663887829406,70.63993204979744
S14,2340,2400,2,1,0.30728150416666666,0.007867233756218422,0.291936,0.321359,9.166719734717726e-05,33.02666666666667,0.04203834228680128,32.95,33.09,0.002298859355196733,0.013505208333333418,16.64121861006873,-104.83,66.83,64.03436054560997,0.6893102940599598,61.106464469808756,67.7864293203293
S14,2370,2430,2,1,0.3127396958333334,0.00943692605733717,0.293215,0.329034,0.00019765220403131686,33.086666666666666,0.03399346342395246,32.99,33.13,0.001730168926543783,0.02147135416666675,17.574236915828198,-89.49,104.25,63.93936402888494,1.5390468094685357,54.46099521676041,82.3286098510111
S14,2400,2460,2,1,0.323336175,0.009729010245277184,0.298332,0.334151,0.0004840520807652937,33.13270833333333,0.02845607604517547,33.07,33.18,0.0014370909217172475,0.07299479166666675,19.121282376690626,-89.49,104.25,63.6865425326873,1.5373232360867812,54.46099521676041,82.3286098510111
S14,2430,2490,2,1,0.3296097833333333,0.0023112284258352566,0.322638,0.334151,-3.025057379468282e-05,33.16508333333333,0.02146686723508774,33.11,33.21,0.0009309536623897337,-0.014830729166666605,19.004844392628264,-75.13,58.95,63.50681628247151,0.6490491746227236,60.481402100149765,66.34756966159348
S14,2460,2520,2,1,0.32997221250000003,0.002588900378026116,0.322638,0.337989,7.454108404659861e-05,33.18445833333333,0.018453724029463308,33.15,33.23,0.0005382905953229643,-0.09929687499999991,19.546488186963796,-84.45,56.32,63.50823517433658,0.9483551766914136,54.92722457943783,73.39618518697004
S14,2490,2550,2,1,0.3330530666666667,0.003097651065009669,0.323917,0.343106,0.00013001981631625292,33.18691666666666,0.02142023316607276,33.11,33.23,-0.0005509470650530882,-0.0059557291666666535,20.685454650226614,-84.45,76.79,64.30565709424982,1.7259257931392762,48.67237409455183,84.19619943916709
S14,4320,4380,3,0,0.3186134791666666,0.0018935668678183224,0.308566,0.322638,6.037962985468542e-05,31.970666666666663,0.019093337988825978,31.93,32.0,-0.0007492491189082193,0.16715625000000003,15.51699389938343,-67.51,140.81,64.23133690928479,0.6328214697808572,59.22837157984339,72.74613391789285
S14,4350,4410,3,0,0.3197327666666666,0.0013703977386956806,0.312404,0.322638,1.0268653969686681e-05,31.95458333333333,0.014741994060807367,31.91,31.99,-0.0003021927464020121,0.03464843750000006,15.445989562806279,-103.66,110.42,64.29671283227933,0.4725928093057102,62.112800613078136,67.94850991743675
S14,4380,4440,3,0,0.3199833541666666,0.001478775832256526,0.313683,0.322638,-3.5927446657077863e-06,31.95341666666666,0.01224716520487697,31.91,31.97,0.0002588586607403828,-0.09577864583333333,16.53121654117478,-103.66,110.42,64.38873803850205,0.45276610130577527,62.112800613078136,67.94850991743675
S14,4410,4470,3,0,0.3202445958333333,0.0014749833950983928,0.313683,0.322638,7.905493150925025e-06,31.9695,0.017313289693180627,31.93,32.0,0.0007399434017949514,-0.03785416666666643,18.169353402134302,-75.76,121.48,64.45553444467153,0.7553395164398055,56.57738063926254,73.65459931328118
S14,4440,4500,3,0,0.3197329,0.0016708680398722928,0.313683,0.322638,-4.542278511779581e-05,31.986250000000002,0.013010412496663595,31.95,32.03,0.00022510807479279854,-0.034307291666666476,19.078572716951037,-75.76,121.48,64.42011346246653,0.7826385817253333,56.57738063926254,73.65459931328118
S14,4470,4530,3,0,0.3191998083333333,0.0017074565113829098,0.312404,0.323917,8.288501536486032e-06,31.9875,0.012466622103307365,31.95,32.03,-0.00019875345058107066,0.06697656250000002,14.44005052144731,-73.81,68.07,64.31077455812284,0.41933069801722683,62.3377895020348,66.94027188471824
S14,4500,4560,3,0,0.3197594541666666,0.0015558965709731435,0.312404,0.323917,2.5697388843556547e-05,31.975666666666665,0.016918103387265796,31.93,32.0,-0.0006534141217731738,0.06224739583333335,11.132077695983813,-66.73,43.2,64.30748462243422,0.44138120567027717,62.3377895020348,66.94027188471824
S14,4530,4590,3,0,0.31997265416666665,0.0013013707585590867,0.313683,0.322638,-1.2327934512753203e-05,31.948916666666666,0.024265745174811074,31.89,32.0,-0.0011889442525042002,-0.13513802083333332,13.17680794369854,-98.05,70.69,64.38471860813686,0.4560808601919991,62.56196927846821,65.40642170307133
S14,4560,4620,3,0,0.3196954583333333,0.0013975065855291121,0.313683,0.322638,-1.5080990989425414e-05,31.91441666666667,0.023709907680592057,31.87,31.97,-0.0011354711019289437,-0.012856770833333246,13.180297624054324,-98.05,70.69,64.45741950067196,0.41824093661441974,63.324560795950255,65.19969325081216
S14,4590,4650,3,0,0.3190771791666666,0.0017296025161095932,0.312404,0.322638,-3.8545466067117657e-05,31.881083333333336,0.024127986286099707,31.83,31.93,-0.0011188041459052696,-0.22776302083333325,17.575326024450185,-71.06,164.31,64.5392876697859,1.5277411135253223,51.95190083144215,80.92589202474076
S14,4620,4680,3,0,0.31660933333333335,0.0026542006654023337,0.308566,0.321359,-0.00011773889130019815,31.830416666666665,0.04263988417224271,31.75,31.89,-0.0022528516120075203,0.13095833333333337,25.611934287276387,-79.86,164.31,64.67509244865451,1.6756901835739233,51.95190083144215,80.92589202474076
S15,120,180,1,0,0.24214615,0.015158281046263128,0.221577,0.277864,0.0007045585721974346,29.85541666666667,0.015884784823500482,29.83,29.89,-0.0002717061060089263,0.20012760416666714,67.54054625363142,-412.89,360.39,62.95653591434768,4.267806110729918,35.4400902933387,105.0380883299006
S15,150,210,1,0,0.26224637083333335,0.01142036562863244,0.229252,0.277864,0.000506560823972638,29.87108333333333,0.028410556527851422,29.83,29.93,0.0014069341481621359,0.14055989583333348,79.91673429833376,-585.27,360.39,62.71242599239212,4.1304334294849925,35.4400902933387,105.0380883299006
S15,180,240,1,0,0.2658122541666667,0.004693373542158409,0.251,0.275305,-0.00022116818521154618,29.891666666666666,0.016448573055300085,29.85,29.93,-0.00011416864876106545,-0.2567031250000002,111.87744374805568,-585.27,486.88,62.549314480730665,1.9413074607910465,47.7179211617606,85.54530963179688
S15,210,270,1,0,0.26189988333333336,0.002690842732563331,0.251,0.270188,-9.424271254708406e-06,29.888916666666663,0.012929026344710381,29.85,29.93,-0.00011357836073531998,0.04831770833333303,133.882197980449,-714.14,486.88,62.52875267331838,2.3829659290431593,47.7179211617606,99.72963451251589
S15,240,300,1,0,0.26214509166666666,0.004540221451089202,0.252279,0.272747,6.646660532300792e-05,29.884416666666663,0.013184323603768281,29.85,29.91,-0.00017198215246786626,0.24846354166666618,104.49027852251238,-839.76,444.56,62.42348983816224,1.9484501768129054,48.67237409455183,99.72963451251589
S15,270,330,1,0,0.26621742083333333,0.006589703954685619,0.24972,0.275305,0.0002526373044670931,29.89316666666667,0.020895906031777378,29.85,29.95,0.0008002222260802873,0.16319531249999997,62.96250813582254,-839.76,329.08,62.52580449997038,1.864923134649277,41.677331968349414,90.55937278934744
S15,300,360,1,0,0.2709399708333333,0.004608108554853717,0.248441,0.279143,5.3773706140728534e-05,29.91708333333334,0.020202963204000668,29.87,29.95,0.0007397003420197506,0.08404166666666679,69.10988189310928,-455.18,518.63,62.59190327971097,2.4338108985649347,41.677331968349414,110.38568747804219
S15,330,390,1,0,0.27227245,0.0037984266224100442,0.248441,0.279143,5.928813694682244e-05,29.919583333333335,0.02024416925657537,29.87,29.95,-0.0005002517404818407,-0.1888932291666667,65.48936563241789,-455.18,518.63,62.57007686390211,2.6254090942267574,40.91454509095757,110.38568747804219
S15,360,420,1,0,0.26807224166666666,0.007688920195098743,0.24972,0.276585,-0.00035417192659594496,29.875999999999998,0.05167849327008946,29.73,29.95,-0.002549766489001554,-0.09511718750000014,31.25060067150737,-290.49,162.34,62.63176882923275,2.1272223645440116,40.91454509095757,79.98749902328488
S15,390,450,1,0,0.26313122083333335,0.008226057613182599,0.242045,0.276585,-1.129737842670875e-05,29.743,0.10852495872686037,29.59,29.89,-0.00601468775499565,-0.1656848958333334,31.788689892031584,-290.49,132.3,62.53469181288805,1.5439151640483877,48.425200051213004,78.87331614684399
S15,420,480,1,0,0.26546054583333334,0.008149794253920322,0.242045,0.276585,0.00023084986371291232,29.661749999999998,0.04404850546083685,29.59,29.77,0.0007691452976613548,0.010841145833333458,48.44359006333826,-354.35,247.63,62.52579887904965,2.3908452905403434,32.07802986469088,85.62125904236635
S15,450,510,1,0,0.27308265833333334,0.008002713295080855,0.24972,0.288098,0.000296922345874057,29.770416666666666,0.10182416079802606,29.65,29.93,0.005698536432924287,0.6483515625000001,45.02186945398438,-354.35,247.63,62.577512394659585,2.5036941032988724,32.07802986469088,85.62125904236635
S15,480,540,1,0,0.264191875,0.016178276106692424,0.236928,0.288098,-0.0008053016267643546,29.841833333333337,0.05310341064585459,29.73,29.93,-0.0010355040886127027,0.010484375000000176,35.26951946299804,-238.12,205.33,62.59714193957953,2.4316507074003924,44.82186966202994,86.3365507765975
S15,510,570,1,0,0.24933660416666664,0.009224205985114165,0.231811,0.279143,-0.0001760971041163912,29.791833333333336,0.04936232256376219,29.73,29.91,-0.0017978784353896915,-0.4314479166666663,67.65600527775136,-334.44,265.5,63.07194430407063,4.948710694468373,26.38181191654584,112.64990013311153
S15,540,600,1,0,0.25662300416666667,0.011305716956293217,0.231811,0.277864,0.0004354502109411633,29.798833333333338,0.05100953069988205,29.73,29.93,0.002685254952342871,-0.03873958333333309,80.41014594638965,-334.44,372.3,63.08487665899968,4.821328854039721,26.38181191654584,112.64990013311153
S15,570,630,1,0,0.26286468749999997,0.008401573106062366,0.236928,0.277864,-0.00015301226931023205,29.91466666666667,0.08697636971550951,29.77,30.03,0.004620913557526832,0.07078385416666641,59.037158033143534,-284.06,372.3,62.674520937813845,1.9849034944300272,42.80186911806539,84.98235110892143
S15,600,660,1,0,0.26151614166666665,0.00989503056488107,0.245883,0.285539,4.9951853330788175e-05,29.977333333333334,0.03172100600898802,29.91,30.03,-0.0004065348356743371,-0.08863541666666705,55.026492066344694,-437.6,388.93,62.70523656432954,1.82963882905964,46.61544808322666,92.29301165310405
S15,630,690,1,0,0.27317865416666665,0.013876481104476718,0.245883,0.293215,0.0007376350266497664,29.968750000000004,0.024428893411968692,29.91,30.01,0.000526085522317898,-0.44035416666666666,67.7859979306013,-437.6,388.93,62.64470539358866,1.5137394041964738,46.61544808322666,92.29301165310405
S15,660,720,1,0,0.28429208750000007,0.004435971874517516,0.274026,0.293215,-9.973178353792522e-06,29.97266666666667,0.03482655436429087,29.91,30.09,2.5139325335076554e-05,0.042656250000000166,67.37808045081131,-472.48,297.24,62.67532207417528,1.5018539870429468,46.75467891024384,80.00624975587844
S15,690,750,1,0,0.28582181250000005,0.004320253349323832,0.274026,0.293215,5.931921561138144e-05,30.06625,0.10547165891050289,29.91,30.21,0.005744162225038465,0.26462760416666675,49.4513204119599,-472.48,297.24,62.75833928330029,1.4871730684425954,46.75467891024384,80.00624975587844
S15,720,780,1,0,0.29097085,0.00455478786946586,0.279143,0.303449,0.00023953946075452718,30.179333333333332,0.028975085082801395,30.09,30.23,0.0011073803364642569,0.05908854166666671,12.601524610243676,-53.25,74.35,62.74940953653965,0.3786471298722945,61.43289021363068,64.47480127925948
S15,750,810,1,0,0.29826271666666665,0.004661224621247326,0.28426,0.307287,0.0002457194499904506,30.188333333333333,0.015184055965240325,30.15,30.23,-0.0004669525512596293,-0.018416666666666658,13.372235116999162,-74.15,50.69,62.89173721474146,0.34341196626152737,61.43289021363068,64.01562309311689
S15,780,840,1,0,0.305522575,0.004408724212971551,0.291936,0.317521,0.00023220881265299548,30.168416666666666,0.02278507674383092,30.11,30.21,-0.0010471362350043267,-0.12943750000000007,18.923282157180353,-88.09,98.17,62.93575759268131,0.3677062712581351,60.22457969965419,67.92643079096678
S15,810,870,1,0,0.3022390916666667,0.011466608927298306,0.272747,0.317521,-0.00048033725238285166,30.116166666666665,0.05268116888941951,29.99,30.19,-0.002797201340301236,-0.037648437500000104,30.847823870884508,-229.98,271.81,62.758676770272444,1.3435999694107463,45.727453460694704,87.20091742636656
S15,840,900,1,0,0.2863869375,0.013013917997676963,0.266351,0.316242,-0.000631907093873155,30.025750000000002,0.06221150081241694,29.95,30.15,-0.0033878713172105987,0.19327864583333337,34.58648732639102,-310.14,271.81,62.69156202479799,3.4462885917424937,29.949958263743873,100.7670581092849
S15,870,930,1,0,0.2819415874999999,0.010540186485178703,0.266351,0.306008,0.0003772311029705341,29.967916666666664,0.014398832900235003,29.95,30.01,-0.0004855292626610801,0.02328906250000012,35.23666657388805,-310.14,207.34,62.65646410870897,3.7636979236822934,29.949958263743873,100.7670581092849
S15,900,960,1,0,0.29778838333333335,0.01467912365242065,0.26763,0.313683,0.0007580117988159544,29.961083333333328,0.010107409273509104,29.95,29.99,-7.475824233100555e-05,-0.028442708333333268,28.416074585813387,-270.27,127.2,62.52590973914707,2.010826643953483,34.92849839314596,86.3365507765975
S15,930,990,1,0,0.31166828333333335,0.006498149439370327,0.282981,0.321359,0.00016185496275976672,29.965500000000006,0.013156113914577026,29.95,30.01,0.0003293807184154173,-0.04501041666666669,49.97719937162487,-459.75,424.38,62.59373913092885,2.070594908689893,36.069377593742864,85.95929269136641
S15,960,1020,1,0,0.31261706250000004,0.010822561558318516,0.276585,0.321359,-0.00019132268094932317,29.987333333333336,0.0244858235629433,29.95,30.07,0.0010907133804403002,-0.8592578124999999,63.48567584253579,-459.75,424.38,62.77800265900978,4.124493259221191,30.56141357987225,106.86907878334125
S15,990,1050,1,0,0.30889125833333336,0.011301577910846365,0.276585,0.321359,-0.0002630798486084837,30.088333333333335,0.09931711276959743,29.97,30.27,0.005373009948089251,0.042559895833333646,57.35128454755154,-598.44,311.39,62.844760225993426,4.37531756608151,30.56141357987225,106.86907878334125
S15,1020,1080,1,0,0.3054692375,0.009775612436795308,0.282981,0.330313,-0.00023660011284918226,30.229416666666673,0.07712323291690709,30.05,30.33,0.0036614177329466844,0.7127213541666667,56.28906292953238,-598.44,311.39,62.79008827366552,2.9383637031447583,35.38361202590826,88.54942122905152
S15,1050,1110,1,0,0.30787847083333336,0.011119772959649369,0.285539,0.330313,0.00022043665515026096,30.258250000000007,0.033964748882725715,30.19,30.33,-0.0015736037083976743,0.06216927083333316,65.58958941431983,-320.26,531.77,62.69620277360732,3.8395843226466386,36.138621999185304,94.59915433025816
S15,1080,1140,1,0,0.310357025,0.012501872087786492,0.282981,0.331593,-2.4764103543465118e-05,30.232333333333333,0.015095989165632014,30.19,30.25,-6.583447629330274e-05,-0.8261302083333331,74.66065883014826,-320.26,531.77,62.73803035332437,4.2286800405504374,36.138621999185304,94.59915433025816
S15,1110,1170,1,0,0.31656140833333335,0.013064470244072809,0.282981,0.331593,0.0003173286168162666,30.240000000000002,0.015705625319185994,30.21,30.27,0.00016611399503478266,-0.00013541666666630665,67.92928705441598,-379.09,272.46,62.67986890031784,2.5877663416481416,46.486557196677836,82.78888814327681
S15,1140,1200,1,0,0.3184003041666667,0.014880039357138228,0.280422,0.334151,-0.0003545228476188844,30.24433333333333,0.01595479725836542,30.21,30.27,5.5278737477952426e-05,0.9833645833333334,55.0030015779669,-382.28,238.6,62.58317944404148,2.0876184217676608,36.24913792078372,82.78888814327681
S15,1170,1230,1,0,0.304536325,0.019116716094674184,0.276585,0.334151,-0.00033732542926092355,30.25008333333333,0.01627860729778639,30.21,30.27,0.0005494192607506008,-0.05470833333333321,37.24513952865099,-382.28,226.66,62.65604474563857,2.245424644145985,36.24913792078372,78.8416133777081
S15,1200,1260,1,0,0.3014448625,0.012636285924284096,0.276585,0.331593,0.00038432248302921833,30.24958333333333,0.01657788855339778,30.21,30.29,-0.0005074740880916937,-0.060820312499999925,16.366758392871482,-191.97,147.01,62.7177038805524,1.4363347281686332,49.29503017546495,77.20751258783046
S15,1620,1680,3,0,0.5608450208333333,0.04967520553987404,0.476148,0.706413,0.0024641363096581503,30.486750000000008,0.020601880982085707,30.43,30.53,0.00037552735290519824,-2.6041666666661484e-05,4.669804292980435,-16.18,16.98,63.30955055230387,0.29275364833969014,61.30252849597641,65.4446330878247
S15,1650,1710,3,0,0.6393164666666666,0.06364190288938744,0.522201,0.761421,0.0031578777131547405,30.47575,0.024804653461263065,30.43,30.53,-0.0011565825795588985,0.03270572916666664,15.906973190726388,-170.49,113.35,63.26816884420923,3.0627565635059963,36.41428291206625,106.92988356862641
S15,1680,1740,3,0,0.6754552958333334,0.03356260449480914,0.60919,0.761421,-0.0002442625340717795,30.463999999999995,0.01685229954635236,30.43,30.49,0.00015722495182197825,-0.02879947916666669,15.98223635469365,-170.49,113.35,63.12025961592119,3.0546264395789904,36.41428291206625,106.92988356862641
S15,1710,1770,3,0,0.6483298375000001,0.0216116583262621,0.605352,0.698738,-0.0012010565721627122,30.46625,0.014523687548277504,30.43,30.49,-0.0002246914008926563,-0.0026718749999999976,5.2627806829977235,-13.15,8.4,62.9431316819813,0.09512657231751882,61.91930232165088,64.00781202322104
S15,1740,1800,3,0,0.6211458041666666,0.013982830722263737,0.596398,0.646288,-0.0004666016753763064,30.443500000000004,0.03007352102209896,30.35,30.49,-0.0014059271862360099,0.04837760416666665,11.404901822065666,-101.39,91.11,62.93870925488662,0.9806047430955623,45.05552130427524,76.47221717722064
S15,1770,1830,3,0,0.6098404291666667,0.012132644700832926,0.587443,0.645009,-0.00017909509019253895,30.38125,0.04876922697767518,30.31,30.47,-0.002654039132624017,-0.019213541666666688,11.426560027802912,-101.39,91.11,62.968569797865094,0.9973135304696071,45.05552130427524,76.47221717722064
S15,1800,1860,3,0,0.5919948541666666,0.018099465264418704,0.555462,0.633496,-0.0010185008368200801,30.32208333333333,0.02256087444128856,30.27,30.37,-0.001083525755655265,0.001611979166666666,5.177556361400762,-16.52,13.66,62.95403423241301,0.3036083510661372,62.545983084447556,63.96092557178953
S15,1830,1890,3,0,0.5677584208333334,0.011107801048980516,0.543948,0.590001,-0.0006144786906022687,30.288999999999998,0.022487033300696763,30.25,30.33,-0.0010448792513759215,-0.004549479166666663,5.223118586226143,-12.14,8.27,62.90968016991174,0.29360418834300367,62.65780079128216,63.96092557178953
S15,1860,1920,3,0,0.551949,0.008691073155351222,0.533714,0.572092,-0.00047451794301985257,30.254,0.02259793500890391,30.21,30.31,-0.0010873799892361636,-0.016851562499999997,5.239712943279079,-15.82,8.66,62.935625002293456,0.2220204285502213,61.652250567193406,63.984373092185564
S15,1890,1950,3,0,0.5422852083333333,0.004431851498707653,0.528597,0.551624,-0.0001676637997187432,30.224083333333336,0.017223812650577968,30.19,30.25,-0.0007907428948416954,0.011734375000000012,14.966877861780103,-164.26,167.07,63.03501287745783,1.0933823082796577,37.21558813185679,74.43789357578571
S15,1920,1980,3,0,0.5414057,0.004374996203045975,0.528597,0.552903,3.546829979687452e-05,30.20833333333333,0.014738460646289116,30.19,30.25,-0.00034917272869335964,0.0038541666666666676,15.095971687409392,-164.26,167.07,63.073907380561984,1.0856159150247982,37.21558813185679,74.43789357578571
S15,3120,3180,2,1,0.9906467583333334,0.06669998614336385,0.842014,1.145265,0.00338135136026667,30.22891666666667,0.05073289257364313,30.15,30.33,0.00033601277799977274,-0.10690364583333319,162.0755133865111,-1056.42,941.76,64.10040950522176,11.15102299176515,21.42428528562855,153.3623161014465
S15,3150,3210,2,1,1.0922538499999999,0.07271341913271007,0.953309,1.320523,0.0034562228059514862,30.205416666666665,0.04509981214545692,30.15,30.33,-0.001959235403392372,-0.3789374999999999,159.5035009807656,-1056.42,941.76,63.56492494792165,10.936073893240733,21.42428528562855,165.924681708298
S15,3180,3240,2,1,1.1839041124999998,0.05284992840833855,1.095375,1.333315,0.001697614606156348,30.177500000000002,0.014505745987941373,30.15,30.21,-0.00022021215646118313,-0.5931119791666667,151.46941926121988,-486.49,924.55,63.61794241811028,11.01195403426072,26.0,165.924681708298
S15,3210,3270,2,1,1.2554942041666666,0.055560205961378666,1.165733,1.406233,0.001985818154829073,30.174416666666673,0.013120964988225311,30.15,30.21,2.6354624212480023e-05,0.6867161458333335,137.07436918521125,-486.49,924.55,63.342632818865695,9.824418604054458,22.11334438749598,143.3666627915988
S15,3240,3300,2,1,1.2906096458333332,0.040483173369052154,1.183643,1.406233,0.00042576046285526363,30.178833333333333,0.01533967260261974,30.15,30.21,0.00046049410580026475,0.27992447916666713,121.04501305802836,-539.33,674.85,63.370330542654685,8.001540127668319,16.1245154965971,128.16785868539742
S15,3270,3330,2,1,1.3113121958333334,0.03367134453778883,1.219462,1.408791,0.0012262638917342307,30.178916666666666,0.020219455702093138,30.13,30.21,-0.0003952499175333461,-0.8549010416666663,146.4070216678013,-671.93,674.85,63.978892068816485,9.935301898452684,14.212670403551895,123.62038666821908
S15,3300,3360,2,1,1.35266935,0.03465577598675532,1.252723,1.413908,0.0014184999010399342,30.164166666666667,0.021118054413753792,30.13,30.21,-0.0007457768364033961,0.1716223958333335,160.25891857348154,-671.93,1064.0,64.27232519810221,12.630113860507993,6.082762530298219,168.68313490091415
S15,3330,3390,2,1,1.3754425083333333,0.029362162829480575,1.288542,1.486825,0.00039269651903678143,30.166333333333334,0.01879420714534834,30.13,30.21,0.00047473046407033796,-0.0759895833333335,121.524086872169,-615.81,1064.0,63.46987359457162,10.457659675524935,6.082762530298219,168.68313490091415
S15,3360,3420,2,1,1.3774961125,0.0289566243648699,1.293757,1.486825,-2.6432175905841122e-05,30.16658333333333,0.020736273907228334,30.11,30.21,-0.000492196045070278,-0.026755208333332923,120.99490089114842,-777.89,871.98,63.895353541172206,9.640541781902758,16.401219466856727,139.56360557108002
S15,3390,3450,2,1,1.4025204333333334,0.0700877774325088,1.293757,1.576472,0.0020815603118109656,30.183,0.034703506066871385,30.11,30.25,0.0017460025347662503,0.2757500000000005,113.86922661640742,-777.89,871.98,64.1598352179923,9.16526066914681,16.401219466856727,139.56360557108002
S15,3420,3480,2,1,1.4677515791666669,0.07782447927672714,1.310388,1.576472,0.002666008974114138,30.213499999999996,0.01934984926728517,30.15,30.25,0.00026937967673043757,0.15699479166666683,31.74360885362684,-288.61,211.63,62.82717714193325,0.9244817698615532,49.29503017546495,71.35825109964509
S15,3450,3510,2,1,1.5218106125000002,0.03700050951850542,1.447268,1.642993,0.0006067807479296453,30.18966666666666,0.031831151757708294,30.13,30.25,-0.0016165558429836158,0.009388020833333637,27.935547450699314,-288.61,173.82,62.658124007534376,0.4178516759692427,60.34898507845845,65.62773803811922
S15,3480,3540,2,1,1.5075522708333333,0.04200807940669448,1.439592,1.642993,-0.0013819095730828797,30.142666666666667,0.026449112566503914,30.11,30.19,-0.001223493463428016,0.06083072916666687,38.702461423291254,-535.11,427.28,62.732456047090665,1.7457985183013756,41.2189276910499,95.93226777263216
S15,3510,3570,2,1,1.4641323666666668,0.023984654885965916,1.415286,1.518906,-0.0010838495876664468,30.122833333333336,0.012462164962619815,30.11,30.15,-9.097380162996673e-06,0.015098958333333337,36.020356269357706,-535.11,427.28,62.795854861219155,1.7176739840160067,41.2189276910499,95.93226777263216
S15,3540,3600,2,1,1.442768925,0.02188039288368412,1.396098,1.4946,-0.0002709865726835558,30.116916666666672,0.012130940698157584,30.09,30.15,-0.0004091390475533227,-0.12423958333333335,30.830231249553304,-236.39,195.62,62.86823376708039,1.0215264759500562,53.376024580330075,75.98684096605149
S15,3570,3630,2,1,1.4307386458333333,0.02733170808122073,1.389701,1.512509,0.00010846781541346128,30.107083333333335,0.010946524055100038,30.07,30.13,-0.00019864928210584778,0.021231770833333385,31.504921454473305,-236.39,195.62,62.96434318682291,1.057378622815666,53.376024580330075,75.98684096605149
S15,3600,3660,2,1,1.4134101000000001,0.026999672561563912,1.370512,1.512509,-0.00040390480390285635,30.102416666666667,0.014171322764261647,30.07,30.13,-0.00019920484730620686,0.5646015624999998,43.44792650640339,-775.12,191.63,62.90498424828895,0.5327194907766671,58.855755878248644,66.58077800686922
S15,3630,3690,2,1,1.4042581416666668,0.023944377348797306,1.321901,1.458781,-0.00015187479296515958,30.07933333333333,0.029431653406191527,30.03,30.13,-0.0015018316290213863,-0.07598437500000059,77.95878672560856,-775.12,443.77,62.9323166740427,1.836004866916326,41.48493702538308,85.45174076635303
S15,3660,3720,2,1,1.3594096791666668,0.05265013205009936,1.256659,1.458781,-0.0026954753815170624,30.03833333333333,0.027758882462295558,29.99,30.11,-0.0013615514158232533,-0.4407890625000004,67.23764386857388,-433.9,443.77,62.94585282777378,1.858350330511251,41.48493702538308,85.45174076635303
S15,3690,3750,2,1,1.28979705,0.0313982436080826,1.195255,1.344928,-0.0015241087518880478,30.015499999999996,0.015375846860146623,29.99,30.05,-0.0003429920658344542,0.04742187499999996,24.153403298611043,-148.47,215.27,62.85969057779027,0.7892034789155248,56.356011214421486,70.24243731534378
S15,3720,3780,2,1,1.2602943583333333,0.022331704288334038,1.195255,1.300154,-0.0006084047292487627,30.00408333333333,0.015165521934822804,29.97,30.03,-0.0004662928175840003,-0.03433333333333339,32.118359144559186,-194.79,215.27,62.843880184890395,0.7657066282033658,56.356011214421486,70.24243731534378
S16,120,180,1,0,0.2910325791666667,0.007675543937428752,0.272513,0.307057,-0.0003592700723970903,29.404666666666675,0.02217105219775405,29.35,29.47,0.0008277921491688374,-0.036671874999999986,31.65210099524465,-136.66,154.81,63.04997577861942,2.855738401097813,33.61547262794322,87.86922100485471
S16,150,210,1,0,0.28416110000000006,0.004152722476279867,0.266116,0.292984,-5.086286220246791e-05,29.408666666666665,0.021868292622475166,29.35,29.47,-0.0002933384260144289,-0.06058593750000003,31.22416904494501,-136.38,154.81,63.08901119600411,2.12453417885768,41.2189276910499,84.40971508067067
S16,180,240,1,0,0.28031226666666664,0.005508434384700933,0.266116,0.292984,-0.00022944693831490222,29.40133333333334,0.021406125810669308,29.35,29.45,-0.000250004340352919,0.3288958333333334,27.041627335222742,-111.53,132.43,63.17418062410715,1.3734788456148237,45.70557952810576,78.11529939774923
S16,210,270,1,0,0.2766126083333333,0.00383022945199508,0.262278,0.286587,-9.378131564786554e-06,29.407000000000004,0.01891207727000531,29.37,29.45,0.0006627892845363337,0.010294270833333357,22.889967378878307,-101.96,132.13,63.14784283208878,1.1961081976483547,48.373546489791295,79.63039620647382
S16,240,300,1,0,0.2748213875,0.005088059140839174,0.262278,0.286587,-0.00010581601937533584,29.421333333333337,0.016478942792410682,29.39,29.47,0.000120002083369308,0.17100781249999988,32.1874129392017,-186.6,231.46,63.11199006633968,2.4196766036483917,42.77849927241488,86.72369918309528
S16,270,330,1,0,0.2751039541666667,0.005081408525405724,0.262278,0.285307,8.376977898921653e-05,29.413666666666675,0.0264554132246854,29.35,29.47,-0.0004650080730566552,0.09678645833333335,31.22429157083045,-186.6,231.46,63.07298215148035,2.7320370944972923,42.77849927241488,88.2269800004511
S16,300,360,1,0,0.27713505,0.0037582803743866694,0.264837,0.285307,2.8793392246392227e-05,29.429,0.03548238999841959,29.35,29.47,0.0017328078612474874,-0.3852291666666666,24.21165439711626,-82.87,146.35,62.991190672608255,2.5875305435450415,41.48493702538308,92.56889326334198
S16,330,390,1,0,0.27708175833333326,0.0031434503004814994,0.264837,0.286587,6.960120835420713e-07,29.459999999999997,0.015275252316519142,29.41,29.49,0.00028000486119545624,-0.13594010416666674,25.576090303444627,-96.34,146.35,63.02952565123464,2.3103571903540883,39.56008088970496,92.56889326334198
S16,360,420,1,0,0.2790381666666667,0.003650232178308053,0.264837,0.291704,0.00013882537891283007,29.49,0.032659863237109836,29.41,29.55,0.0015278043021581915,0.19510677083333333,38.79309085940562,-196.48,182.48,63.31563150094092,3.1288435249664297,39.56008088970496,107.22872749408155
S16,390,450,1,0,0.28208205416666665,0.0029706558186533964,0.275072,0.291704,4.0965789336618594e-05,29.515666666666664,0.01676968163747433,29.49,29.55,2.8333825239906515e-05,0.12911979166666668,40.294840301884804,-196.48,182.48,63.44562323947304,3.5609683965890295,43.60045871318328,107.22872749408155
S16,420,480,1,0,0.2813677458333333,0.004150259361120212,0.269954,0.291704,-0.00011511896560703967,29.55233333333333,0.0433730587141624,29.49,29.65,0.0023228181044808094,-0.0008463541666667037,28.31784820508042,-110.79,158.33,63.28342180667742,2.396000021872393,44.474711915874174,105.11422358558332
S16,450,510,1,0,0.2793047375,0.0036647981074806493,0.269954,0.291704,-4.138632441535524e-05,29.622666666666667,0.03794147540035263,29.53,29.69,0.002050035590895607,0.05123697916666668,23.37933320255144,-110.79,150.05,63.157682611555735,1.3279221129232348,49.839743177508446,80.16857239592083
S16,480,540,1,0,0.28174624583333335,0.004747556115385331,0.271234,0.292984,0.0001799664039306283,29.67,0.021602468994693723,29.63,29.71,0.0009811281445858055,-0.09761979166666664,24.119825028111038,-139.03,171.38,63.09782006441698,1.4577376141789233,51.720402163943,84.26743143112884
S16,510,570,1,0,0.2837399666666666,0.004547356290441977,0.271234,0.292984,2.0383044844527273e-05,29.733999999999998,0.06416645021608451,29.67,29.89,0.0032822792062361613,-0.13732552083333316,45.42885955109138,-304.8,171.38,63.275662968628104,3.927713611494561,38.62641583165593,95.4567965102538
S16,540,600,1,0,0.28413445833333334,0.0041230329479559754,0.273793,0.295543,9.74769770308509e-05,29.910333333333334,0.144106056623431,29.69,30.13,0.008207364711192933,-0.02133854166666665,47.1732357361978,-304.8,166.71,63.31527958770986,4.147018997239279,38.62641583165593,95.4567965102538
S16,570,630,1,0,0.2874929416666667,0.004385369541243239,0.275072,0.296822,8.638590253303353e-05,30.102666666666664,0.08816398861717266,29.91,30.23,0.004798972204378577,0.17958072916666654,32.428654184131716,-161.04,169.07,63.28031449182713,2.5414738798815772,43.56604182158393,94.51454914456292
S16,600,660,1,0,0.2875036375,0.003765388039688225,0.277631,0.296822,-0.00014337749787323093,30.215,0.05769170939860707,30.11,30.31,0.0032117224257363743,0.18845052083333336,33.45843020669065,-161.04,169.07,63.541526418810356,1.7998679213463389,43.56604182158393,94.51454914456292
S16,630,690,1,0,0.28824996666666663,0.010549131081857984,0.277631,0.356954,0.00023226232052639872,30.279000000000003,0.024879710609248925,30.23,30.31,0.0010861299675339283,0.04740104166666672,32.703844619262,-132.41,188.86,63.72627657552578,0.6623874643486493,58.966091951222275,75.49172140042907
S16,660,720,1,0,0.2908567791666667,0.010157563991778045,0.281469,0.356954,6.685420753832475e-05,30.306333333333335,0.018436075745366612,30.27,30.35,0.000692789805378534,-0.1421901041666667,33.08985399667324,-132.41,188.86,63.81447901275147,0.7649738543042498,56.302753041036986,72.27724399837061
S16,690,750,1,0,0.2908034375,0.0019956932369714965,0.282748,0.304498,6.362216357923048e-06,30.344333333333335,0.0338805089821411,30.29,30.41,0.0017994756853414113,-0.21353645833333337,32.13309562785508,-113.05,129.64,63.808444620339834,0.8536681437726258,56.302753041036986,72.27724399837061
S16,720,780,1,0,0.29206146666666666,0.002477952992335048,0.285307,0.303219,7.566468167850181e-05,30.401666666666664,0.03656804919902333,30.33,30.45,0.001985034462403881,0.14655989583333326,29.922357802702898,-104.02,208.27,63.617476545245424,1.8522258272545682,40.11234224026316,84.78207357690657
S16,750,810,1,0,0.2939060291666667,0.0027244938664485814,0.286587,0.304498,5.173061858712814e-05,30.450333333333333,0.024628348616087453,30.39,30.51,0.0012583551797770145,0.04860416666666662,26.34559689709363,-104.02,208.27,63.33703313503261,2.3174888317130984,40.11234224026316,84.78207357690657
S16,780,840,1,0,0.2926320041666666,0.005096181886551535,0.277631,0.314734,-7.171782669837899e-05,30.52,0.07234178138070292,30.43,30.71,0.0037156200628483257,-0.23784114583333313,26.106052544955425,-213.09,164.58,63.436435333911284,1.6997013344972822,45.47526800360829,81.89627586160435
S16,810,870,1,0,0.29599037916666665,0.007591830220840427,0.277631,0.314734,0.00028106887098733986,30.642999999999997,0.08822886904711741,30.47,30.75,0.004752860292713255,0.15458072916666685,26.256027570494084,-213.09,164.58,63.468946217794745,1.3343035646651706,55.58776843874919,78.51114570556209
S16,840,900,1,0,0.3022860958333334,0.0057189212141203725,0.290425,0.324969,3.968035903401288e-06,30.730666666666668,0.022499382707581127,30.69,30.77,0.0010222399694437988,0.09632291666666658,23.989259501430528,-129.6,124.57,63.47226570665102,2.0665053587219173,48.02082881417188,87.0976463516667
S16,870,930,1,0,0.29559585,0.009841033619620451,0.28019,0.324969,-0.00043725398010382196,30.76166666666667,0.021382755253292376,30.71,30.81,0.0009394607545270236,-0.20401302083333347,28.68844725768758,-148.72,218.48,63.9712136788103,2.8015002754467173,42.15447781671598,96.15092303249095
S16,900,960,1,0,0.28822865000000003,0.004589833267941224,0.28019,0.312175,-9.046396638831267e-06,30.782333333333337,0.018651779778049975,30.75,30.83,0.000560565287591774,0.04459635416666649,26.52954890490011,-148.72,218.48,64.07045715965543,2.210405924883111,42.15447781671598,96.15092303249095
S16,930,990,1,0,0.28710384583333337,0.006209789584900011,0.267396,0.307057,-3.0109646000797573e-05,30.798333333333336,0.021068670790746865,30.75,30.83,0.00047834163787569244,-0.08531770833333353,31.205060649828546,-164.5,222.47,64.03765747338677,2.4605826521085135,43.54308211415448,96.0260381354974
S16,960,1020,1,0,0.28425176250000006,0.007053567192522309,0.267396,0.307057,-5.598919252070278e-05,30.816333333333333,0.019145640641032618,30.77,30.85,0.00039278459695495224,-0.5627994791666666,41.65472945213574,-192.39,222.47,63.976457750600915,4.7833086023771445,36.069377593742864,96.0260381354974
S16,990,1050,1,0,0.2827005041666667,0.005265244114313783,0.268675,0.298101,-3.3388609177243256e-05,30.83766666666667,0.020030532250099233,30.79,30.87,0.000855014844007787,-0.06143489583333294,45.05607274839633,-192.39,258.5,63.59188447802361,5.0544266275909155,36.069377593742864,95.04735661763561
S16,1020,1080,1,0,0.28216209166666667,0.004553150607904802,0.268675,0.296822,-5.897653084254927e-05,30.85266666666667,0.012364824660661543,30.83,30.87,8.666817132194839e-05,0.5774218750000004,41.610820778413775,-186.39,258.5,63.300136441586986,3.3668910946360247,48.518037882832814,88.1873006730561
S16,1050,1110,1,0,0.2827643833333333,0.003093311588959132,0.273793,0.294263,5.832890848799154e-05,30.853666666666673,0.013412266359154356,30.83,30.89,-1.9444782027729495e-05,0.23311458333333343,28.134453890488743,-144.9,161.47,63.11182190524373,1.7001894406598954,50.1398045468867,80.43631020876082
S16,1080,1140,1,0,0.2845768833333333,0.001784387820716727,0.277631,0.287866,4.432808902931975e-05,30.846333333333337,0.016529435024290905,30.81,30.89,-0.00047389711626932905,-0.11387239583333332,20.143420703414773,-105.31,115.97,63.06231086321284,1.3582888468613838,47.01063709417264,79.78721702127478
S16,1110,1170,1,0,0.2875729291666667,0.004611838891102188,0.27891,0.303219,0.000165433675931876,30.833000000000002,0.016663332999934423,30.79,30.87,-0.0004427854650251977,0.14097656250000015,35.771447186435594,-149.72,212.85,63.345575469343835,4.205780461578995,39.64845520319802,129.48358969382954
S16,1140,1200,1,0,0.290734125,0.005735960098452715,0.27891,0.303219,2.8513734613448004e-05,30.83,0.016329931618555407,30.79,30.87,0.0002944495564159945,0.22042708333333322,40.06525735863222,-149.72,212.85,63.43123436988891,4.187763183238837,39.64845520319802,129.48358969382954
S16,1170,1230,1,0,0.29229075833333334,0.0049050501696310134,0.28019,0.303219,-1.2772614107884955e-05,30.866,0.03808761828556242,30.81,30.95,0.0020667025469195874,-0.25505729166666685,31.361451829947768,-113.48,174.33,63.518543048098415,2.002186691312335,45.661800227323496,81.51073548925933
S16,1200,1260,1,0,0.2944924291666667,0.004336541912820547,0.285307,0.309616,6.630316672164092e-05,30.919000000000004,0.031288975694323366,30.87,30.99,0.0015794718658311425,-0.1795807291666666,25.55356310682368,-93.32,162.64,63.66562813801228,2.5426122641235476,43.977266854592045,96.0260381354974
S16,2010,2070,2,1,1.6021749958333336,0.06480637909042969,1.475589,1.737867,0.003382490163023671,31.132,0.019218047073866158,31.09,31.17,-0.0006677893713431525,0.050820312499999985,12.028332790445749,-54.79,50.63,62.48166875436012,2.853803544467903,42.49705872175156,82.58934555982388
S16,2040,2100,2,1,1.7806224166666667,0.14227736285881784,1.577941,2.065593,0.007146987058803109,31.101333333333333,0.025130769099960485,31.05,31.15,-0.0011022413583567361,0.0583255208333334,23.464019497352986,-185.35,177.4,62.6683035888429,3.5683615936850144,42.49705872175156,101.59724405711013
S16,2070,2130,2,1,2.0098953958333334,0.13083922971254638,1.749381,2.276695,0.0063528457178076035,31.094666666666665,0.02667499869832284,31.05,31.15,0.0007877914547124537,-0.042877604166666645,24.027293275816618,-185.35,177.4,62.9082240767085,3.3069733414861338,36.959437225152655,101.59724405711013
S16,2100,2160,2,1,2.1712615416666665,0.0823336226665526,1.983711,2.321474,0.003623856334311348,31.113999999999997,0.023888630489558048,31.07,31.15,0.0005966770256426311,-0.018395833333333403,21.144735194299926,-110.53,100.41,62.89913238150984,3.285729850931225,36.959437225152655,107.6522178127325
S16,2130,2190,2,1,2.27406705,0.05925062642824265,2.143637,2.425106,0.002335697657945446,31.107999999999997,0.019561867668161197,31.07,31.15,-0.0008300144099726289,0.046338541666666594,19.32237121323509,-110.53,97.74,62.71627266210227,3.105837520891277,45.552167895721496,107.6522178127325
S16,2160,2220,2,1,2.323206858333334,0.037763620840211606,2.254945,2.425106,0.00014439150679699527,31.079999999999995,0.02236067977499742,31.03,31.11,-0.0009344606677197983,-0.08808333333333336,9.71780918400879,-49.81,53.69,62.55731220683538,2.0900014648780894,52.08646657242167,75.70336848516055
S16,2190,2250,2,1,2.3454593875,0.048902548104408736,2.26646,2.533335,0.0011950649230021318,31.045999999999996,0.027760883751542537,30.97,31.11,-0.0012777999618046436,0.2582109374999999,28.03698630087966,-250.52,226.88,62.49996919472598,1.3841350457851456,52.278102490430925,73.76313442364011
S16,2220,2280,2,1,2.3652378958333333,0.04917773090130988,2.290769,2.533335,0.0007737845604958372,30.981333333333335,0.04958046210174205,30.91,31.05,-0.0024855987083111973,0.003101562499999962,29.58267959148734,-250.52,226.88,62.49295055649889,1.9096480678346188,52.44044240850758,80.51707893360265
S16,2250,2310,2,1,2.4039767375,0.06509268014129489,2.300484,2.606261,0.0026537916057570365,30.944666666666663,0.01927577639306753,30.91,30.99,0.0002844493828016185,-0.30045312499999977,21.723121422252554,-176.3,138.47,62.50518152482326,2.1622208988815323,52.44044240850758,80.51707893360265
S16,2280,2340,2,1,2.4553182041666664,0.06473067596024945,2.332469,2.656158,0.0014441162433375563,30.915000000000003,0.04540557968649468,30.83,30.97,-0.0024139307974095606,0.01751041666666667,31.138061892760625,-184.41,210.06,62.5298843743597,1.9263841679528118,52.09606511052442,104.81412118603103
S16,2310,2370,2,1,2.4704205333333333,0.05496658385160529,2.382365,2.656158,-0.00038878859355197514,30.875999999999998,0.02537715508089893,30.83,30.93,-0.00032000555565212316,0.0017317708333331832,28.47239284589129,-184.41,210.06,62.50147900304778,1.915946658507006,52.09606511052442,104.81412118603103
S16,2340,2400,2,1,2.3888317999999997,0.09511609542528365,2.20069,2.576835,-0.005381044775082901,30.877999999999997,0.015577761927396898,30.85,30.91,0.00020222573308546708,0.04153906250000004,14.42021524490573,-104.26,72.97,62.43529583457736,1.333455991827478,53.563046963368315,76.01315675591957
S16,2370,2430,2,1,2.2089954208333333,0.11068390672410511,2.02925,2.388762,-0.006344131330405027,30.86833333333334,0.019075871903766067,30.83,30.91,-0.000803902845535528,0.018729166666666634,5.299274699741085,-23.3,21.21,62.413717422422316,0.7379323686376462,58.31809324729333,67.07458535093602
S16,2400,2460,2,1,2.029814275,0.09516511931567176,1.869844,2.199411,-0.005476038441639607,30.83866666666667,0.02319961685507479,30.79,30.89,-0.0010989079671524249,-0.05593489583333334,12.241712135194561,-110.82,135.41,62.423254786245074,0.7927217196876746,58.31809324729333,67.07458535093602
S16,2430,2490,2,1,1.886386516666667,0.07403999927916027,1.764933,2.036926,-0.00421087816455147,30.809333333333335,0.018961950204437295,30.77,30.85,-0.0008344589315786006,-0.0073645833333333,12.08675226411803,-110.82,135.41,62.43303537143597,0.7499656496749878,59.0592922409336,66.06814663663572
S16,2460,2520,2,1,1.7807603416666669,0.052368035119319346,1.694566,1.876241,-0.0029274564454244124,30.780000000000005,0.022656860623954753,30.73,30.83,-0.0011155749231760788,-0.012122395833333318,3.831408907881572,-17.09,22.78,62.41761748838813,0.675374888436907,60.249481325568276,66.007575322837
S16,2490,2550,2,1,1.7056486125,0.03753511169874608,1.649787,1.775168,-0.002032948952238766,30.750333333333334,0.018436075745366053,30.71,30.79,-0.000851681452802709,0.009255208333333343,3.3437692316384577,-10.16,10.94,62.41260282526371,0.6465680494353349,60.249481325568276,66.007575322837
S16,2520,2580,2,1,1.6457991458333334,0.03636364713487311,1.57814,1.713757,-0.0019540444087571014,30.72733333333333,0.017688665548561754,30.69,30.77,-0.0007900137155156786,0.0017604166666666606,3.0227597549838174,-12.54,9.38,62.4133369443671,0.6490029292950409,60.08327554319921,64.89221833163049
S16,2550,2610,2,1,1.6058550708333332,0.027582673054367818,1.561508,1.689448,-0.0010021802895883592,30.709666666666667,0.01692795190079247,30.67,30.75,-0.0005561207659856562,-0.0018880208333333297,5.370198572810786,-37.42,40.63,62.42247696754927,0.9331814234724729,57.645468165329355,69.3757882838098
S16,2580,2640,2,1,1.58682925,0.029038015231833036,1.533361,1.647228,-6.234951648465968e-05,30.693,0.017058722109231615,30.67,30.73,-0.0005894546780326877,0.03769270833333334,16.140534443577817,-147.51,134.12,62.507673387107346,3.963720503606824,27.60434748368452,113.10614483749325
S16,4350,4410,3,0,0.4418318041666666,0.005318658023801615,0.426308,0.454455,0.00018140439070122883,30.141333333333332,0.03127654428197395,30.07,30.19,-0.001595583256653942,0.04190625000000001,18.976660823275196,-136.52,128.05,62.84870374672948,1.713706953507038,47.01063709417264,75.98684096605149
S16,4380,4440,3,0,0.4459472083333333,0.0033956281657346664,0.433985,0.463411,1.9685195923542613e-05,30.105333333333327,0.01874981481389991,30.07,30.15,-0.0008133474539488314,-0.024476562499999986,8.098306644432723,-73.29,84.05,62.83981430254813,0.78057729999539,56.00892785976178,72.62919523166975
S16,4410,4470,3,0,0.44521690833333327,0.002939939221298728,0.437823,0.463411,-0.00010855291584923414,30.08299999999999,0.018193405398659865,30.05,30.13,-0.000790569280716812,-0.03409114583333332,4.279039308437207,-15.67,16.34,62.86911511301732,0.7051819430784853,55.072679252057455,71.63797875428926
S16,4440,4500,3,0,0.44444926666666656,0.0039565743194783475,0.437823,0.46597,3.709716835361444e-05,30.054666666666662,0.02109238935940805,30.01,30.09,-0.0010233510998455915,0.022627604166666693,5.8301028790297815,-19.98,60.58,62.81054004700084,0.7679224162868369,55.072679252057455,71.63797875428926
S16,4470,4530,3,0,0.45094223333333333,0.009574041166729037,0.435264,0.471088,0.00036443900762165904,30.023666666666667,0.01949073854139182,29.99,30.07,-0.0008694595392283855,0.008838541666666732,14.319912758513272,-139.41,97.66,62.789734096395904,0.8318656365250856,54.92722457943783,69.6419413859206
S16,4500,4560,3,0,0.45651827083333335,0.007860377888338618,0.430147,0.471088,4.6487756731883635e-05,29.998,0.017587874611031694,29.95,30.03,-0.000706678935398211,0.10917447916666655,23.041243316351373,-222.02,152.98,62.80637773878452,1.0028909876515084,54.92722457943783,71.79136438319027
S16,4530,4590,3,0,0.45685943333333334,0.005342915863916342,0.430147,0.467249,-8.524425076824081e-05,29.978,0.017204650534085437,29.95,30.01,-0.00041111824858075323,-0.0397239583333335,19.492594624221212,-222.02,152.98,62.799227560750865,0.7794476290050963,57.48912940721924,71.79136438319027
S16,4560,4620,3,0,0.4513686416666667,0.007057190758127295,0.437823,0.46597,-0.0003581649611972486,29.97066666666667,0.01412641340027776,29.95,29.99,0.00011555756176300957,-0.13598958333333336,5.933022430983905,-56.71,58.7,62.820189140686914,0.4488212283162108,60.00833275470999,68.1395626636978
S16,4590,4650,3,0,0.4438148541666666,0.0027114074972664336,0.431426,0.450617,-0.00011186343686521881,29.967,0.01452583904633364,29.93,29.99,-0.00039834024896278773,0.015020833333333343,3.6530223502235297,-10.58,8.53,62.840995440654005,0.3621698879001247,61.39218191268331,64.45153217728807
S16,4620,4680,3,0,0.4449769833333333,0.0083062158155638,0.402,0.459573,0.0002560813625236535,29.946333333333335,0.022358195116978195,29.91,29.99,-0.0010239066650467542,0.03799218750000013,55.61655878933582,-471.51,519.63,62.83433489149618,1.3630176362172688,48.13522618623496,77.08436936240706
S17,120,180,1,0,1.885021225,0.03667613698293539,1.809712,2.07199,-0.0017576009826559503,33.44475,0.024713778208387348,33.39,33.47,0.0010613031476242648,-0.05634895833333336,62.19477346286405,-328.66,469.91,64.5875250468731,1.535701518158246,52.478567053607705,82.58934555982388
S17,150,210,1,0,1.833413175,0.042037112581852894,1.773889,2.07199,-0.002071641656973211,33.46716666666667,0.013427790419705628,33.43,33.5,0.0003995902706643921,0.6020468749999998,78.30885414150903,-328.66,469.91,64.63078007554536,2.769396774237144,36.837480912787726,91.98912979260103
S17,180,240,1,0,1.7784254416666665,0.03170574851355713,1.72783,1.903109,-0.0017109354329068339,33.46933333333333,0.01621384867602031,33.43,33.5,-0.0003055608604314406,-0.0678723958333333,55.99839640681471,-238.21,254.48,64.68719010643623,2.559141841928899,36.837480912787726,91.98912979260103
S17,210,270,1,0,1.7298347208333331,0.026251571153480185,1.681772,1.776448,-0.0015047704526120473,33.44474999999999,0.02586704789238083,33.41,33.5,-0.0013103352488762308,-0.001541666666666645,22.544517905051343,-53.06,57.12,64.8976860747924,0.33029098942449475,60.174745533321534,67.5721836261046
S17,240,300,1,0,1.6873584708333331,0.02298389510340119,1.644669,1.731669,-0.0013072816107918602,33.41949999999999,0.012237238250522208,33.41,33.47,-0.0003154915883955316,-0.0929270833333334,23.666042084442424,-153.41,115.99,64.87051784180038,0.5364605639354753,60.174745533321534,68.38859554048467
S17,270,330,1,0,1.6471851999999998,0.02336529400578275,1.59989,1.686889,-0.0013298128717512403,33.41266666666666,0.011234866364235705,33.39,33.45,-0.0001300022569839014,-0.038039062500000026,22.2041840460197,-153.41,115.99,64.63119071788829,0.5060250862851725,60.597029630172464,68.38859554048467
S17,300,360,1,0,1.6071398250000002,0.023111099202245668,1.567905,1.653625,-0.0013226667546311535,33.41358333333333,0.014218288301418027,33.39,33.45,0.00023969166131312212,-0.1162265625,21.453248910317626,-104.78,67.86,64.44067575546816,0.3216750616465585,61.84658438426491,67.14908785679818
S17,330,390,1,0,1.5690828375000003,0.021256569756848396,1.528243,1.608846,-0.0012145059827427755,33.433749999999996,0.022381633095019206,33.39,33.47,0.0011393600583344602,-0.08742187499999995,23.176251507225842,-104.78,67.86,64.37406281073795,0.3802901162249827,61.814237842102365,67.14908785679818
S17,360,420,1,0,1.5351466625,0.018656826974513267,1.500096,1.571743,-0.0010618147971318919,33.459666666666664,0.015702087617751197,33.43,33.49,0.000534175940554354,0.04184895833333337,21.496252425764506,-58.79,51.39,64.43567508744519,0.29141355240757777,61.814237842102365,67.12674578735364
S17,390,450,1,0,1.5048194208333332,0.01733727109708251,1.468111,1.537199,-0.000988070985607401,33.47175000000001,0.013238989135630133,33.45,33.49,0.00023698328095943965,0.08315885416666671,20.682529555102345,-51.87,48.07,64.55055675313217,0.09184421953182953,63.3798075099633,64.56779382943171
S17,420,480,1,0,1.4837204875,0.01027914710225729,1.462994,1.507773,-0.0004142794857549561,33.470000000000006,0.01414213562373065,33.45,33.49,-0.0002755603395891371,0.15438541666666666,21.342781353993452,-47.9,35.55,64.54284633059112,0.1028147802292269,63.31666447310692,65.03076195155643
S17,450,510,1,0,1.4685932708333336,0.011481031866626077,1.435927,1.49478,-0.0005102451483532748,33.466,0.014047538337136213,33.45,33.49,-6.555669369234481e-05,-0.07876822916666673,34.20746367705615,-312.74,314.89,64.5362144644751,0.43772814463842347,58.728187440104094,70.40596565632774
S17,480,540,1,0,1.4468659041666667,0.015297469071276127,1.419295,1.476868,-0.0008621652962725108,33.46366666666667,0.013900439641327787,33.43,33.49,-0.0003458393374885554,-0.03775000000000007,32.99637777295285,-312.74,314.89,64.53219975839103,0.45056280707160884,58.728187440104094,70.40596565632774
S17,510,570,1,0,1.4224719250000002,0.0137509102330006,1.392427,1.448721,-0.0007710487230681155,33.452,0.017397317800933305,33.41,33.49,-0.0006539002413235938,0.19073177083333326,19.18410007909466,-82.63,38.24,64.5100597330708,0.19122822918346644,62.080592780675026,66.58828725834597
S17,540,600,1,0,1.3916541958333335,0.02476146370722358,1.34253,1.425692,-0.0011910908019236463,33.443749999999994,0.015682394587563507,33.41,33.49,-0.0001274674907551726,-0.3824817708333336,43.64155599182605,-198.13,239.13,64.77905385961995,3.1316119734824523,49.03060268852505,114.79111463872106
S17,570,630,1,0,1.3685769333333333,0.0196791276681384,1.329736,1.410339,-0.0005124112120002051,33.45116666666666,0.01728117151378629,33.41,33.49,0.0005999409711976434,-0.014007812500000168,62.19613885728878,-198.13,242.75,65.04826419576143,4.4803845763232095,46.32493928760188,114.79111463872106
S17,600,660,1,0,1.3411017125,0.028159862053488645,1.293913,1.406501,-0.0015297873035990095,33.47208333333334,0.020016486260635853,33.43,33.5,0.0008979669785934638,0.3093203125000001,58.75086472086588,-237.4,262.15,65.00069715467234,3.3861689621023654,46.32493928760188,86.97700845625813
S17,630,690,1,0,1.3031993541666667,0.016901942931077465,1.272163,1.34253,-0.000936344920918769,33.48745833333334,0.011170941345990535,33.45,33.5,0.0002279032622094723,0.026838541666666712,41.471414628720645,-237.4,262.15,64.9381088874572,1.2507637483097185,51.778373863998475,75.2994023880668
S17,660,720,1,0,1.2770515041666668,0.014162211644901494,1.252972,1.305428,-0.0008009168614038301,33.493500000000004,0.011665476129731227,33.45,33.53,0.0003043108387296996,0.17931770833333333,34.282863403283976,-300.47,99.93,64.96929928909479,1.4256007098858878,59.27900134111572,110.09995458672996
S17,690,750,1,0,1.2545606166666667,0.012233214648845242,1.226104,1.27984,-0.0006829121547249027,33.4945,0.011169153951844427,33.47,33.53,-9.986284484100353e-05,0.024171874999999954,31.6877587225079,-300.47,99.93,65.00683910500418,1.275953398875458,59.27900134111572,110.09995458672996
S17,720,780,1,0,1.2371553375000002,0.008941957403085371,1.219707,1.25681,-0.00045948390944286293,33.48916666666667,0.010534335395374145,33.47,33.5,-0.00012152988767153204,-0.09833854166666663,36.05258480100014,-193.18,241.9,64.84174431045194,1.0639778872889736,54.74486277268398,79.46068210127572
S17,750,810,1,0,1.2257259333333335,0.006389557119802751,1.204355,1.25681,-0.00030053432872098704,33.47854166666667,0.01434538011192332,33.45,33.5,-0.0004543655271790849,-0.05509374999999997,34.36451600718215,-193.18,241.9,64.59291285210605,1.0435241317597999,54.74486277268398,79.46068210127572
S17,780,840,1,0,1.2267548166666666,0.011567837593217454,1.201796,1.247854,0.0003930088543203803,33.452666666666666,0.026068286394690172,33.39,33.49,-0.001239604854251375,-0.1987812500000002,46.011861140340564,-273.0,477.34,64.10950461377108,2.8750111321867,40.13726448077895,110.43097391583576
S17,810,870,1,0,1.2346178791666669,0.010507601246537301,1.201796,1.247854,0.00023882553342939432,33.41866666666666,0.026042699979500174,33.37,33.47,-0.0012712720706960527,-0.013174479166666853,46.872084847695405,-273.0,477.34,63.21144982215039,2.902424799214659,40.13726448077895,110.43097391583576
S17,840,900,1,0,1.2287539625000001,0.014178169284834582,1.191561,1.245296,-0.0006526607354294507,33.39491666666666,0.016304183171470664,33.34,33.43,-0.0005806698032951761,0.21953125,28.089000346351895,-324.86,129.47,63.15346580803204,1.6013230780807652,52.81098370604357,102.96115772464877
S17,870,930,1,0,1.2104584625,0.024359502151082537,1.178766,1.339972,-0.0005513334172468318,33.36895833333333,0.023597279445355175,33.33,33.43,-0.0011003836872168235,-0.1600624999999999,34.38394380612498,-324.86,181.81,64.22562448681637,2.680833380086686,42.532340636273474,108.94952959971879
S17,900,960,1,0,1.1823488166666667,0.026877504197123456,1.153178,1.339972,-0.0008047748433132501,33.318583333333336,0.037478790298276374,33.25,33.39,-0.0020181253146756154,-0.014624999999999977,29.8797201338306,-296.55,181.81,64.95867068424482,2.1767614558865738,42.532340636273474,108.94952959971879
S17,930,990,1,0,1.1570645541666666,0.011307435957755073,1.112237,1.218428,-0.0005106124845917433,33.270041666666664,0.024740282884846577,33.23,33.34,-0.0011315300612861035,0.1030494791666666,21.82400585263588,-157.3,165.65,65.10244023520869,0.895232979590886,53.27288240746881,87.86922100485471
S17,960,1020,1,0,1.145134141666667,0.008751367033018154,1.112237,1.162134,-0.00034550134203718884,33.25375,0.012285662375307536,33.23,33.27,6.309137311419679e-05,0.0240286458333333,18.489795394865006,-86.45,112.7,64.90116762013652,0.8434205413724712,58.47221562417487,87.86922100485471
S17,990,1050,1,0,1.1376336541666667,0.00426467150566518,1.122473,1.15062,-0.00017037026858106086,33.25458333333333,0.014282613750837447,33.23,33.29,0.0001455233597807191,-0.028000000000000056,16.643779079333715,-49.84,40.46,64.67185385132031,0.25974076846293526,61.62791575252241,67.14908785679818
S17,1020,1080,1,0,1.1317270124999999,0.00450149528164554,1.119914,1.139105,-0.00021228250316846842,33.254,0.014047538337138878,33.23,33.29,-2.666712963791076e-05,0.09434374999999995,17.213080794987068,-40.85,31.03,64.65613304292346,0.1049877887379627,63.82789358893179,65.58200972827838
S17,1050,1110,1,0,1.1224566083333334,0.008686326047104015,1.099443,1.136546,-0.00044145176131529947,33.249166666666675,0.013879441231149422,33.21,33.27,-0.00026799076372887486,0.06912499999999994,18.999224328053717,-94.73,67.88,64.76341530002293,0.24052271568058334,62.49799996799898,66.29479617586888
S17,1080,1140,1,0,1.1077594958333334,0.010708670076546226,1.087929,1.131428,-0.0005817457855171113,33.22804166666666,0.024305313490858214,33.18,33.27,-0.0010295144012918455,-0.150125,18.444360066579296,-94.73,67.88,64.91974003860363,0.259725791542718,62.49799996799898,66.55824516917495
S17,1110,1170,1,0,1.0912605291666666,0.00944635025371259,1.070017,1.108399,-0.0005185537995451236,33.20583333333333,0.020107350784117243,33.16,33.25,-0.0002876438827062759,-0.02837760416666674,23.891920181223544,-135.1,134.85,64.81407557858398,1.1957749482814932,54.63515351859094,80.52949770115296
S17,1140,1200,1,0,1.0787916333333334,0.016674314873447976,1.053385,1.160855,-0.0005099293078004777,33.18420833333333,0.03715113184308393,33.09,33.25,-0.0012850049480027431,0.024294270833333288,50.1014833297947,-395.52,500.89,64.8061048727758,4.542968510286153,35.185224171518364,150.34959261667456
S17,1170,1230,1,0,1.0677247458333337,0.017387208018336316,1.036753,1.160855,-0.0005077071459574061,33.11791666666667,0.059559435767046566,33.05,33.25,-0.0032268268546330747,0.034419270833333314,61.701063007255016,-487.98,500.89,64.98228460484965,5.113511516983031,35.185224171518364,150.34959261667456
S17,1200,1260,1,0,1.059840404166667,0.0050858263396898,1.036753,1.071296,-4.0330708866483966e-05,33.06416666666667,0.017300449576690292,33.03,33.11,-0.0004993836698553701,0.021856770833333195,43.67350062317664,-487.98,279.1,65.15196953268058,2.8437671926501094,41.773197148410844,111.53923076657827
S17,1770,1830,3,0,1.0188858,0.007425363733066088,0.993154,1.064801,6.925396968697081e-05,33.006458333333335,0.018740506856065146,32.97,33.05,-0.00039217694751646963,0.18161197916666702,45.83050913681917,-533.55,308.24,64.94209774531924,4.399867756050633,32.341923257592455,131.43059004660978
S17,1800,1860,3,0,1.0192323083333332,0.007402719057094068,0.993154,1.064801,-0.0002301592805430499,32.98820833333333,0.022372749731661312,32.95,33.05,-0.0009740967725137391,-0.03267968749999971,77.03163079406559,-533.55,668.51,64.92326125460497,4.3729569210062795,32.341923257592455,131.43059004660978
S17,1830,1890,3,0,1.0160390291666666,0.00291974241643265,1.004668,1.026418,-2.2216255490541316e-05,32.96366666666667,0.018660713336371,32.91,33.0,-0.0007606382055245962,-0.0909401041666667,62.495876477110436,-492.94,668.51,64.93321277897674,0.8038080410129665,59.16924876994806,71.62401831787993
S17,1860,1920,3,0,1.0152980666666667,0.0027824246822191322,1.00211,1.020021,-2.5651500894110608e-05,32.93441666666666,0.0239894363325944,32.89,32.99,-0.0011730411986321813,0.029697916666666612,6.28692500372763,-37.01,27.29,64.85621797449896,0.3689094888242669,63.7102817447859,66.48308055437865
S17,1890,1950,3,0,1.0136775291666666,0.002947236554381513,1.00211,1.020021,-7.746800638900964e-05,32.90491666666666,0.018863361017827273,32.87,32.93,-0.0008360214587061224,-0.09255468750000008,5.297142980893579,-17.28,15.12,64.82797318032664,0.36305646601755276,63.7102817447859,65.82552696332935
S17,1920,1980,3,0,1.0106496,0.003680992730455567,0.999551,1.016183,-0.00013429554679769018,32.88866666666666,0.01570208761775141,32.84,32.93,-0.00037646486918193586,-0.05126302083333335,12.930965511353747,-129.4,137.34,64.93203091002903,0.8702893574564742,57.87054518492115,73.9932429347437
S17,1950,2010,3,0,1.0059957708333336,0.004565895011931699,0.990595,1.016183,-0.0001900150922759122,32.88883333333333,0.014842693675864296,32.84,32.91,0.0002854216219030631,-0.026846354166666676,13.820499108259185,-129.4,137.34,65.06783029400103,1.1095524613175987,57.87054518492115,76.84399781375251
S17,1980,2040,3,0,1.0058251708333334,0.004088376968103128,0.990595,1.013624,0.00011909631938054096,32.880874999999996,0.02400661801115023,32.81,32.91,-0.0009657632945016437,-0.007591145833333365,9.386869783246699,-63.68,51.2,65.00416090534415,0.8377191208638315,58.855755878248644,76.84399781375251
S17,2010,2070,3,0,1.0072271916666666,0.003074506297212183,0.994433,1.013624,-8.350335596104528e-05,32.83325,0.04178641126809746,32.75,32.91,-0.002286671643605039,0.063984375,8.454058145338005,-63.68,51.2,64.91922588404098,0.4487786576141698,59.50630218724736,67.63135367564367
S17,2040,2100,3,0,1.0050788458333335,0.0028082577378271507,0.993154,1.011065,-6.0043880970160545e-05,32.766375000000004,0.03856521802954995,32.71,32.84,-0.0021032830431083824,0.1786875,6.292099957175963,-21.31,32.27,64.92182196284503,0.7358043385663575,53.907327887774215,78.54298186343577
S17,3540,3600,2,1,1.0436796458333335,0.013100622662825313,1.00211,1.092947,-0.00016711245160506627,32.62645833333333,0.02400430372291938,32.57,32.66,-0.0010758693727321645,0.238765625,56.017434948092884,-275.15,251.97,65.4378489378702,6.332160746365601,25.357444666211933,145.2618325645109
S17,3570,3630,2,1,1.0461531458333333,0.02469161333934188,1.00211,1.26055,0.00039570264935153104,32.57566666666667,0.044473462749025146,32.49,32.65,-0.0023722634073508556,0.3771197916666662,69.15510597778122,-364.13,324.5,65.58141407873033,7.6687272369090715,24.124676163629637,168.6653491384641
S17,3600,3660,2,1,1.0625029083333333,0.02624749912578843,1.009786,1.26055,0.0005994919772912652,32.52191666666667,0.029461721870174488,32.47,32.61,-0.0013210993246407714,0.17669791666666634,84.92282905049734,-403.01,324.5,65.49853123921852,7.226773807985303,24.124676163629637,168.6653491384641
S17,3630,3690,2,1,1.0590005458333334,0.021114680276359845,1.021301,1.137727,-0.0009500646938315066,32.46825,0.047472140953055283,32.37,32.53,-0.002492508550495821,-0.32167968750000014,77.26911937963763,-403.01,257.93,65.47402327238497,5.633482998452951,24.819347291981714,140.9751751195933
S17,3660,3720,2,1,1.0392070708333334,0.018610303308001605,1.011065,1.137727,-0.00034912882688936447,32.38858333333334,0.05352251603037933,32.31,32.49,-0.00291126582058695,-0.20979947916666677,58.54021580500237,-308.26,260.65,65.63205590208177,7.710646626538273,18.384776310850235,162.97545827516484
S17,3690,3750,2,1,1.0330126041666667,0.02985789996587975,0.989316,1.240079,4.077877220090827e-05,32.30375000000001,0.04673618334153252,32.23,32.39,-0.0025563291029356157,0.14178906249999992,67.20791594235668,-308.26,295.48,65.6487886564918,9.633091080676415,18.384776310850235,162.97545827516484
S17,3720,3780,2,1,1.0209062125000001,0.030594152532126294,0.982919,1.240079,-0.000717581386829626,32.232875,0.04018272068522423,32.16,32.31,-0.0021381447594577612,0.2014244791666665,59.013191307616985,-259.64,295.48,65.61646738537246,7.446828152376016,24.73863375370596,135.21094630243513
S17,3750,3810,2,1,1.0111347416666667,0.008514033270132938,0.982919,1.043051,8.527891109212277e-07,32.18254166666666,0.030286794656344967,32.15,32.25,-0.001424174030799383,-0.04675520833333343,38.44719818495764,-259.64,207.58,65.56506739764683,4.94101242749858,31.464265445104548,128.0859086707043
S17,3780,3840,2,1,1.0244672166666668,0.029811561831411225,0.998271,1.247755,0.0005310927793885209,32.163999999999994,0.011135528725660891,32.15,32.18,0.00012277990937302195,-0.24502083333333335,50.53475310779931,-321.91,178.97,65.60917398371379,9.435517871749648,13.341664064126334,135.71661652133832
S17,3810,3870,2,1,1.0212207291666668,0.03137242438069589,0.990595,1.247755,-0.0008659184968489024,32.15987499999999,0.01605929767040464,32.11,32.18,-0.0004601295161373465,0.030661458333333367,47.5509141252385,-321.91,182.58,65.5601819549192,8.640417401446557,13.341664064126334,135.71661652133832
S17,3840,3900,2,1,1.0000305833333336,0.008277573825386434,0.976522,1.028977,-0.0003950041979895489,32.14629166666666,0.0171755134970937,32.11,32.18,-0.0005603743120540983,0.09335156249999994,27.634461903183265,-172.71,182.58,65.41851155078068,2.542372706818517,41.50903516103452,126.96850003051938
S17,3870,3930,2,1,1.0033570583333333,0.03252199974460771,0.976522,1.306608,0.0007032577266966512,32.143499999999996,0.01235920709430678,32.11,32.16,0.00028486605670215615,-0.0019635416666665684,37.24470596256942,-260.51,355.3,65.47200640499487,2.6205760761663237,39.42080668885405,104.27847332982968
S17,3900,3960,2,1,1.0133523541666667,0.0324977092053486,0.982919,1.306608,0.00018813339988541197,32.15079166666666,0.010982862281248515,32.11,32.18,0.00018568030694995257,0.05614583333333344,45.98006441303284,-260.51,355.3,65.54387837639179,4.4083853673909585,38.52272056851645,131.70421405558744
S17,3930,3990,2,1,1.01722255,0.03148859886235279,0.990595,1.337314,0.00037189197729127076,32.15124999999999,0.014379528272280206,32.09,32.18,-0.0002524002152814644,0.11002083333333325,46.38613098614876,-263.74,303.89,65.71530107135166,5.438552283001562,35.4964786985977,131.70421405558744
S17,3960,4020,2,1,1.0234826708333336,0.0848894398730636,0.990595,2.016777,0.0006291305977534329,32.10554166666666,0.04682100593987906,32.03,32.18,-0.0024361360440286407,0.18143489583333317,46.48190045764712,-263.74,266.09,65.54726634326015,4.400063911548942,35.4964786985977,129.23234889144436
S17,3990,4050,2,1,1.082107575,0.11475868625639792,0.990595,2.016777,0.0025048084827861486,32.06041666666667,0.01622219843986164,32.03,32.11,-0.00025246966093170033,-0.05412500000000014,53.174866375743015,-289.28,273.45,64.81015642096469,2.727346028056596,41.352146256270665,103.5132841716463
S17,4020,4080,2,1,1.1387477791666667,0.11006996224642944,1.054664,1.704602,-0.0014107563204222217,32.06616666666666,0.01708719468556091,32.03,32.11,0.0004074376291257042,-0.2060859375000004,61.0379473622413,-361.31,325.92,64.30449193288295,2.499067443492384,41.352146256270665,103.5132841716463
S17,4050,4110,2,1,1.1083352499999999,0.09694039505462021,1.057223,1.704602,-0.002469910213718992,32.12675,0.06147712989396925,32.03,32.25,0.0032668275490891404,0.04963020833333296,45.94575442130013,-361.31,325.92,64.1716363171427,1.2418688391712587,54.415071441651165,79.44809626416482
S17,4080,4140,2,1,1.0839945416666665,0.01703914602461824,1.057223,1.228663,0.00036480235767982,32.24975,0.08047735188651964,32.11,32.39,0.004572266879633414,-0.040523437499999974,25.90995189095569,-176.5,145.72,64.2659665763314,0.6571865614293647,59.48949487094339,69.49100661236676
S17,4110,4170,2,1,1.0871291041666666,0.015507189384335554,1.06362,1.228663,-0.00017583982534418564,32.37383333333334,0.06598211037007572,32.25,32.5,0.0037245091060609387,-0.16686979166666654,22.12005617655342,-151.04,145.72,64.33509338743097,0.5754784941266119,59.74110812497538,68.1395626636978
S17,4140,4200,2,1,1.0793620416666665,0.009172868580671139,1.06362,1.142943,-0.00028580439243737065,32.48975,0.07587228852925641,32.37,32.63,0.004291706453237069,0.08320833333333337,31.156162975778386,-190.26,159.0,64.2761094563415,1.0049269408304558,56.089214649520635,75.22632517942107
S17,4170,4230,2,1,1.0679219875000001,0.010583662045609578,1.045708,1.142943,-0.00043213868817166596,32.60070833333334,0.061953597667034725,32.47,32.68,0.0033209777947531167,-0.03534375000000002,31.219823761757038,-190.26,159.0,64.18267411631815,1.0282314647836959,56.089214649520635,75.22632517942107
